35.241.113.8,443,443,CN,Hong Kong
35.220.159.199,443,443,CN,Hong Kong
34.150.24.217,443,443,CN,Hong Kong
104.29.59.81,443,443,CN,Hong Kong
104.29.69.182,443,443,CN,Hong Kong
104.29.67.48,443,443,CN,Hong Kong
104.29.67.41,443,443,CN,Hong Kong
104.29.69.164,443,443,CN,Hong Kong
104.29.69.175,443,443,CN,Hong Kong
104.29.67.117,443,443,CN,Hong Kong
104.29.67.66,443,443,CN,Hong Kong
104.29.67.46,443,443,CN,Hong Kong
104.29.68.173,443,443,CN,Hong Kong
104.29.67.64,443,443,CN,Hong Kong
104.29.59.195,443,443,CN,Hong Kong
104.29.68.72,443,443,CN,Hong Kong
104.29.67.155,443,443,CN,Hong Kong
104.29.67.123,443,443,CN,Hong Kong
104.29.59.188,443,443,CN,Hong Kong
104.29.68.159,443,443,CN,Hong Kong
104.29.68.87,443,443,CN,Hong Kong
104.29.68.4,443,443,CN,Hong Kong
104.29.68.21,443,443,CN,Hong Kong
104.29.68.24,443,443,CN,Hong Kong
104.29.59.140,443,443,CN,Hong Kong
104.29.59.60,443,443,CN,Hong Kong
104.29.59.39,443,443,CN,Hong Kong
104.29.59.2,443,443,CN,Hong Kong
104.29.69.117,443,443,CN,Hong Kong
104.29.69.50,443,443,CN,Hong Kong
103.160.204.4,443,443,CN,Hong Kong
35.241.98.204,443,443,CN,Hong Kong
34.150.122.109,443,443,CN,Hong Kong
35.241.98.204,443,443,CN,Hong Kong
35.241.72.146,443,443,CN,Hong Kong
34.96.173.94,443,443,CN,Hong Kong
34.96.159.111,443,443,CN,Hong Kong
104.29.68.76,443,443,CN,Hong Kong
104.29.67.77,443,443,CN,Hong Kong
35.241.72.146,443,443,CN,Hong Kong
103.160.204.4,443,443,CN,Hong Kong
103.160.204.4,443,443,CN,Hong Kong
103.160.204.4,443,443,CN,Hong Kong
34.96.173.94,443,443,CN,Hong Kong
104.29.67.68,443,443,CN,Hong Kong
104.29.67.37,443,443,CN,Hong Kong
104.29.67.42,443,443,CN,Hong Kong
34.150.51.181,443,443,CN,Hong Kong
104.29.69.22,443,443,CN,Hong Kong
104.29.69.18,443,443,CN,Hong Kong
104.29.69.12,443,443,CN,Hong Kong
103.160.204.160,443,443,CN,Hong Kong
104.29.67.95,443,443,CN,Hong Kong
104.29.59.50,443,443,CN,Hong Kong
34.92.80.155,443,443,CN,Hong Kong
104.29.68.20,443,443,CN,Hong Kong
104.29.59.174,443,443,CN,Hong Kong
104.29.67.135,443,443,CN,Hong Kong
104.29.69.81,443,443,CN,Hong Kong
104.29.68.99,443,443,CN,Hong Kong
34.92.80.155,443,443,CN,Hong Kong
104.29.69.2,443,443,CN,Hong Kong
35.220.182.0,443,443,CN,Hong Kong
104.29.59.83,443,443,CN,Hong Kong
35.220.209.206,443,443,CN,Hong Kong
34.92.189.85,443,443,CN,Hong Kong
103.160.204.11,443,443,CN,Hong Kong
103.160.204.245,443,443,CN,Hong Kong
103.160.204.11,443,443,CN,Hong Kong
34.150.29.224,443,443,CN,Hong Kong
34.96.218.196,443,443,CN,Hong Kong
34.92.54.64,443,443,CN,Hong Kong
34.150.24.217,443,443,CN,Hong Kong
104.29.69.179,443,443,CN,Hong Kong
103.160.204.249,443,443,CN,Hong Kong
103.160.204.249,443,443,CN,Hong Kong
103.160.204.249,443,443,CN,Hong Kong
34.92.208.141,443,443,CN,Hong Kong
34.92.220.191,443,443,CN,Hong Kong
104.29.68.51,443,443,CN,Hong Kong
104.29.68.92,443,443,CN,Hong Kong
104.29.68.127,443,443,CN,Hong Kong
103.160.204.88,443,443,CN,Hong Kong
35.220.208.47,443,443,CN,Hong Kong
35.220.182.0,443,443,CN,Hong Kong
34.92.54.64,443,443,CN,Hong Kong
34.150.29.170,443,443,CN,Hong Kong
34.150.29.224,443,443,CN,Hong Kong
103.160.204.42,443,443,CN,Hong Kong
103.160.204.99,443,443,CN,Hong Kong
103.160.204.42,443,443,CN,Hong Kong
35.220.255.59,443,443,CN,Hong Kong
103.160.204.45,443,443,CN,Hong Kong
104.29.69.144,443,443,CN,Hong Kong
34.96.222.219,443,443,CN,Hong Kong
34.96.231.220,443,443,CN,Hong Kong
34.150.24.217,443,443,CN,Hong Kong
34.150.24.217,443,443,CN,Hong Kong
103.160.204.51,443,443,CN,Hong Kong
103.160.204.98,443,443,CN,Hong Kong
103.160.204.72,443,443,CN,Hong Kong
35.220.209.206,443,443,CN,Hong Kong
34.96.218.196,443,443,CN,Hong Kong
34.150.51.181,443,443,CN,Hong Kong
34.92.208.141,443,443,CN,Hong Kong
34.92.207.37,443,443,CN,Hong Kong
34.92.7.35,443,443,CN,Hong Kong
34.92.7.35,443,443,CN,Hong Kong
34.96.173.94,443,443,CN,Hong Kong
34.96.131.102,443,443,CN,Hong Kong
34.96.131.102,443,443,CN,Hong Kong
34.96.168.212,443,443,CN,Hong Kong
104.29.59.180,443,443,CN,Hong Kong
34.92.207.37,443,443,CN,Hong Kong
35.220.245.190,443,443,CN,Hong Kong
103.160.204.99,443,443,CN,Hong Kong
103.160.204.99,443,443,CN,Hong Kong
103.160.204.99,443,443,CN,Hong Kong
103.160.204.99,443,443,CN,Hong Kong
103.160.204.98,443,443,CN,Hong Kong
35.220.163.94,443,443,CN,Hong Kong
35.220.163.94,443,443,CN,Hong Kong
34.96.222.219,443,443,CN,Hong Kong
35.220.189.10,443,443,CN,Hong Kong
34.96.159.111,443,443,CN,Hong Kong
35.220.155.17,443,443,CN,Hong Kong
35.220.203.221,443,443,CN,Hong Kong
35.220.155.17,443,443,CN,Hong Kong
34.150.24.217,443,443,CN,Hong Kong
34.150.24.217,443,443,CN,Hong Kong
35.220.203.221,443,443,CN,Hong Kong
103.160.204.249,443,443,CN,Hong Kong
35.220.189.10,443,443,CN,Hong Kong
34.96.168.212,443,443,CN,Hong Kong
34.92.189.85,443,443,CN,Hong Kong
35.220.244.166,443,443,CN,Hong Kong
34.92.220.191,443,443,CN,Hong Kong
34.96.238.235,443,443,CN,Hong Kong
35.220.244.166,443,443,CN,Hong Kong
35.220.208.47,443,443,CN,Hong Kong
103.160.204.98,443,443,CN,Hong Kong
35.220.255.59,443,443,CN,Hong Kong
34.96.238.235,443,443,CN,Hong Kong
35.220.233.83,443,443,CN,Hong Kong
103.160.204.246,443,443,CN,Hong Kong
103.160.204.10,443,443,CN,Hong Kong
103.160.204.10,443,443,CN,Hong Kong
103.160.204.10,443,443,CN,Hong Kong
103.160.204.246,443,443,CN,Hong Kong
103.160.204.10,443,443,CN,Hong Kong
103.160.204.10,443,443,CN,Hong Kong
103.160.204.246,443,443,CN,Hong Kong
103.160.204.10,443,443,CN,Hong Kong
103.160.204.246,443,443,CN,Hong Kong
103.160.204.246,443,443,CN,Hong Kong
103.160.204.246,443,443,CN,Hong Kong
103.160.204.10,443,443,CN,Hong Kong
103.160.204.246,443,443,CN,Hong Kong
103.160.204.246,443,443,CN,Hong Kong
34.96.192.9,443,443,CN,Hong Kong
34.96.231.220,443,443,CN,Hong Kong
35.220.233.83,443,443,CN,Hong Kong
35.220.202.217,443,443,CN,Hong Kong
104.29.59.168,443,443,CN,Hong Kong
34.96.145.190,443,443,CN,Hong Kong
34.96.145.190,443,443,CN,Hong Kong
34.150.29.153,443,443,CN,Hong Kong
104.29.68.56,443,443,CN,Hong Kong
104.29.68.30,443,443,CN,Hong Kong
104.29.68.30,443,443,CN,Hong Kong
104.29.68.30,443,443,CN,Hong Kong
104.29.68.30,443,443,CN,Hong Kong
104.29.68.30,443,443,CN,Hong Kong
104.29.68.30,443,443,CN,Hong Kong
104.29.68.30,443,443,CN,Hong Kong
104.29.68.30,443,443,CN,Hong Kong
104.29.68.30,443,443,CN,Hong Kong
104.29.68.30,443,443,CN,Hong Kong
104.29.68.56,443,443,CN,Hong Kong
104.29.68.30,443,443,CN,Hong Kong
104.29.68.30,443,443,CN,Hong Kong
104.29.68.30,443,443,CN,Hong Kong
34.92.148.250,443,443,CN,Hong Kong
35.220.208.47,443,443,CN,Hong Kong
35.220.135.20,443,443,CN,Hong Kong
35.220.208.47,443,443,CN,Hong Kong
35.241.64.110,443,443,CN,Hong Kong
34.92.32.154,443,443,CN,Hong Kong
35.241.64.110,443,443,CN,Hong Kong
34.92.248.11,443,443,CN,Hong Kong
34.92.32.154,443,443,CN,Hong Kong
34.92.225.45,443,443,CN,Hong Kong
34.150.55.115,443,443,CN,Hong Kong
34.92.94.86,443,443,CN,Hong Kong
34.92.248.11,443,443,CN,Hong Kong
35.220.147.200,443,443,CN,Hong Kong
35.220.147.200,443,443,CN,Hong Kong
34.92.225.45,443,443,CN,Hong Kong
34.92.195.131,443,443,CN,Hong Kong
34.150.80.83,443,443,CN,Hong Kong
34.96.171.88,443,443,CN,Hong Kong
34.92.109.70,443,443,CN,Hong Kong
34.150.29.170,443,443,CN,Hong Kong
35.220.197.54,443,443,CN,Hong Kong
103.160.204.5,443,443,CN,Hong Kong
103.160.204.5,443,443,CN,Hong Kong
34.96.171.88,443,443,CN,Hong Kong
35.220.245.190,443,443,CN,Hong Kong
34.150.80.83,443,443,CN,Hong Kong
103.160.204.246,443,443,CN,Hong Kong
103.160.204.246,443,443,CN,Hong Kong
103.160.204.10,443,443,CN,Hong Kong
103.160.204.246,443,443,CN,Hong Kong
103.160.204.10,443,443,CN,Hong Kong
103.160.204.10,443,443,CN,Hong Kong
103.160.204.246,443,443,CN,Hong Kong
103.160.204.10,443,443,CN,Hong Kong
103.160.204.10,443,443,CN,Hong Kong
103.160.204.10,443,443,CN,Hong Kong
103.160.204.10,443,443,CN,Hong Kong
103.160.204.246,443,443,CN,Hong Kong
103.160.204.10,443,443,CN,Hong Kong
103.160.204.10,443,443,CN,Hong Kong
103.160.204.10,443,443,CN,Hong Kong
103.160.204.10,443,443,CN,Hong Kong
103.160.204.10,443,443,CN,Hong Kong
103.160.204.246,443,443,CN,Hong Kong
103.160.204.246,443,443,CN,Hong Kong
103.160.204.10,443,443,CN,Hong Kong
103.160.204.246,443,443,CN,Hong Kong
103.160.204.10,443,443,CN,Hong Kong
103.160.204.246,443,443,CN,Hong Kong
103.160.204.246,443,443,CN,Hong Kong
103.160.204.10,443,443,CN,Hong Kong
103.160.204.10,443,443,CN,Hong Kong
34.92.146.19,443,443,CN,Hong Kong
35.220.221.41,443,443,CN,Hong Kong
35.220.221.41,443,443,CN,Hong Kong
35.241.97.75,443,443,CN,Hong Kong
34.92.151.31,443,443,CN,Hong Kong
34.92.153.89,443,443,CN,Hong Kong
34.92.151.31,443,443,CN,Hong Kong
35.220.234.78,443,443,CN,Hong Kong
103.160.204.8,443,443,CN,Hong Kong
103.160.204.248,443,443,CN,Hong Kong
103.160.204.248,443,443,CN,Hong Kong
34.96.171.88,443,443,CN,Hong Kong
104.29.59.9,443,443,CN,Hong Kong
35.220.197.54,443,443,CN,Hong Kong
35.220.172.190,443,443,CN,Hong Kong
35.241.97.75,443,443,CN,Hong Kong
34.92.153.89,443,443,CN,Hong Kong
103.160.204.5,443,443,CN,Hong Kong
103.160.204.5,443,443,CN,Hong Kong
103.160.204.9,443,443,CN,Hong Kong
103.160.204.9,443,443,CN,Hong Kong
103.160.204.8,443,443,CN,Hong Kong
103.160.204.8,443,443,CN,Hong Kong
103.160.204.1,443,443,CN,Hong Kong
103.160.204.1,443,443,CN,Hong Kong
34.92.195.131,443,443,CN,Hong Kong
34.150.117.50,443,443,CN,Hong Kong
103.160.204.3,443,443,CN,Hong Kong
103.160.204.6,443,443,CN,Hong Kong
103.160.204.3,443,443,CN,Hong Kong
103.160.204.6,443,443,CN,Hong Kong
103.160.204.10,443,443,CN,Hong Kong
103.160.204.10,443,443,CN,Hong Kong
34.150.121.83,443,443,CN,Hong Kong
103.160.204.15,443,443,CN,Hong Kong
34.150.121.83,443,443,CN,Hong Kong
35.220.205.180,443,443,CN,Hong Kong
103.160.204.1,443,443,CN,Hong Kong
103.160.204.1,443,443,CN,Hong Kong
103.160.204.3,443,443,CN,Hong Kong
103.160.204.3,443,443,CN,Hong Kong
103.160.204.15,443,443,CN,Hong Kong
103.160.204.7,443,443,CN,Hong Kong
103.160.204.7,443,443,CN,Hong Kong
103.160.204.8,443,443,CN,Hong Kong
103.160.204.8,443,443,CN,Hong Kong
103.160.204.5,443,443,CN,Hong Kong
103.160.204.5,443,443,CN,Hong Kong
103.160.204.1,443,443,CN,Hong Kong
35.220.234.78,443,443,CN,Hong Kong
103.160.204.2,443,443,CN,Hong Kong
103.160.204.2,443,443,CN,Hong Kong
103.160.204.4,443,443,CN,Hong Kong
103.160.204.5,443,443,CN,Hong Kong
103.160.204.5,443,443,CN,Hong Kong
103.160.204.4,443,443,CN,Hong Kong
103.160.204.4,443,443,CN,Hong Kong
103.160.204.5,443,443,CN,Hong Kong
103.160.204.5,443,443,CN,Hong Kong
103.160.204.97,443,443,CN,Hong Kong
103.160.204.15,443,443,CN,Hong Kong
103.160.204.15,443,443,CN,Hong Kong
103.160.204.15,443,443,CN,Hong Kong
103.160.204.15,443,443,CN,Hong Kong
103.160.204.15,443,443,CN,Hong Kong
103.160.204.15,443,443,CN,Hong Kong
103.160.204.11,443,443,CN,Hong Kong
103.160.204.11,443,443,CN,Hong Kong
104.29.67.93,443,443,CN,Hong Kong
104.29.59.118,443,443,CN,Hong Kong
103.160.204.8,443,443,CN,Hong Kong
103.160.204.10,443,443,CN,Hong Kong
34.96.217.160,443,443,CN,Hong Kong
34.96.217.160,443,443,CN,Hong Kong
34.96.217.160,443,443,CN,Hong Kong
34.96.217.160,443,443,CN,Hong Kong
103.160.204.6,443,443,CN,Hong Kong
103.160.204.6,443,443,CN,Hong Kong
34.150.73.251,443,443,CN,Hong Kong
34.150.107.20,443,443,CN,Hong Kong
35.220.167.140,443,443,CN,Hong Kong
34.150.107.20,443,443,CN,Hong Kong
35.220.167.140,443,443,CN,Hong Kong
34.96.166.169,443,443,CN,Hong Kong
35.220.205.180,443,443,CN,Hong Kong
103.160.204.15,443,443,CN,Hong Kong
103.160.204.15,443,443,CN,Hong Kong
103.160.204.15,443,443,CN,Hong Kong
103.160.204.15,443,443,CN,Hong Kong
34.96.217.160,443,443,CN,Hong Kong
34.96.217.160,443,443,CN,Hong Kong
34.96.217.160,443,443,CN,Hong Kong
104.29.59.138,443,443,CN,Hong Kong
34.96.217.160,443,443,CN,Hong Kong
34.96.217.160,443,443,CN,Hong Kong
34.96.217.160,443,443,CN,Hong Kong
103.160.204.15,443,443,CN,Hong Kong
103.160.204.15,443,443,CN,Hong Kong
103.160.204.3,443,443,CN,Hong Kong
103.160.204.3,443,443,CN,Hong Kong
103.160.204.3,443,443,CN,Hong Kong
103.160.204.15,443,443,CN,Hong Kong
103.160.204.15,443,443,CN,Hong Kong
103.160.204.15,443,443,CN,Hong Kong
103.160.204.15,443,443,CN,Hong Kong
103.160.204.15,443,443,CN,Hong Kong
103.160.204.15,443,443,CN,Hong Kong
103.160.204.10,443,443,CN,Hong Kong
103.160.204.15,443,443,CN,Hong Kong
103.160.204.15,443,443,CN,Hong Kong
103.160.204.15,443,443,CN,Hong Kong
103.160.204.15,443,443,CN,Hong Kong
104.29.59.115,443,443,CN,Hong Kong
103.160.204.15,443,443,CN,Hong Kong
103.160.204.15,443,443,CN,Hong Kong
103.160.204.15,443,443,CN,Hong Kong
103.160.204.15,443,443,CN,Hong Kong
104.29.59.111,443,443,CN,Hong Kong
104.29.59.26,443,443,CN,Hong Kong
104.29.59.7,443,443,CN,Hong Kong
34.92.94.55,443,443,CN,Hong Kong
34.150.75.8,443,443,CN,Hong Kong
34.150.75.8,443,443,CN,Hong Kong
35.220.172.190,443,443,CN,Hong Kong
104.29.59.136,443,443,CN,Hong Kong
103.160.204.15,443,443,CN,Hong Kong
103.160.204.15,443,443,CN,Hong Kong
103.160.204.15,443,443,CN,Hong Kong
103.160.204.15,443,443,CN,Hong Kong
104.29.59.196,443,443,CN,Hong Kong
34.150.64.66,443,443,CN,Hong Kong
34.150.73.251,443,443,CN,Hong Kong
34.150.73.251,443,443,CN,Hong Kong
103.160.204.121,443,443,CN,Hong Kong
103.160.204.229,443,443,CN,Hong Kong
103.160.204.3,443,443,CN,Hong Kong
34.150.73.251,443,443,CN,Hong Kong
34.150.73.251,443,443,CN,Hong Kong
103.160.204.3,443,443,CN,Hong Kong
103.160.204.3,443,443,CN,Hong Kong
103.160.204.3,443,443,CN,Hong Kong
34.150.73.251,443,443,CN,Hong Kong
34.150.73.251,443,443,CN,Hong Kong
34.150.73.251,443,443,CN,Hong Kong
103.160.204.3,443,443,CN,Hong Kong
103.160.204.3,443,443,CN,Hong Kong
103.160.204.3,443,443,CN,Hong Kong
103.160.204.3,443,443,CN,Hong Kong
34.150.73.251,443,443,CN,Hong Kong
103.160.204.15,443,443,CN,Hong Kong
103.160.204.15,443,443,CN,Hong Kong
35.220.209.206,443,443,CN,Hong Kong
34.150.90.230,443,443,CN,Hong Kong
103.160.204.15,443,443,CN,Hong Kong
103.160.204.15,443,443,CN,Hong Kong
34.150.73.251,443,443,CN,Hong Kong
34.150.73.251,443,443,CN,Hong Kong
34.150.73.251,443,443,CN,Hong Kong
34.150.73.251,443,443,CN,Hong Kong
34.150.73.251,443,443,CN,Hong Kong
103.160.204.3,443,443,CN,Hong Kong
103.160.204.3,443,443,CN,Hong Kong
103.160.204.3,443,443,CN,Hong Kong
103.160.204.3,443,443,CN,Hong Kong
103.160.204.15,443,443,CN,Hong Kong
103.160.204.15,443,443,CN,Hong Kong
34.92.2.166,443,443,CN,Hong Kong
34.96.128.101,443,443,CN,Hong Kong
103.160.204.15,443,443,CN,Hong Kong
103.160.204.15,443,443,CN,Hong Kong
103.160.204.15,443,443,CN,Hong Kong
103.160.204.15,443,443,CN,Hong Kong
34.92.4.246,443,443,CN,Hong Kong
34.92.2.166,443,443,CN,Hong Kong
34.150.118.149,443,443,CN,Hong Kong
35.241.122.48,443,443,CN,Hong Kong
34.92.165.193,443,443,CN,Hong Kong
104.29.59.158,443,443,CN,Hong Kong
103.160.204.242,443,443,CN,Hong Kong
103.160.204.14,443,443,CN,Hong Kong
103.160.204.242,443,443,CN,Hong Kong
34.92.4.246,443,443,CN,Hong Kong
104.29.69.57,443,443,CN,Hong Kong
104.29.69.150,443,443,CN,Hong Kong
34.96.128.101,443,443,CN,Hong Kong
35.241.122.48,443,443,CN,Hong Kong
34.92.5.141,443,443,CN,Hong Kong
34.150.118.149,443,443,CN,Hong Kong
103.160.204.15,443,443,CN,Hong Kong
103.160.204.15,443,443,CN,Hong Kong
103.160.204.15,443,443,CN,Hong Kong
103.160.204.15,443,443,CN,Hong Kong
103.160.204.15,443,443,CN,Hong Kong
103.160.204.15,443,443,CN,Hong Kong
103.160.204.15,443,443,CN,Hong Kong
103.160.204.15,443,443,CN,Hong Kong
103.160.204.15,443,443,CN,Hong Kong
103.160.204.15,443,443,CN,Hong Kong
103.160.204.15,443,443,CN,Hong Kong
103.160.204.15,443,443,CN,Hong Kong
103.160.204.15,443,443,CN,Hong Kong
103.160.204.15,443,443,CN,Hong Kong
103.160.204.15,443,443,CN,Hong Kong
103.160.204.15,443,443,CN,Hong Kong
103.160.204.4,443,443,CN,Hong Kong
103.160.204.4,443,443,CN,Hong Kong
103.160.204.15,443,443,CN,Hong Kong
103.160.204.15,443,443,CN,Hong Kong
103.160.204.15,443,443,CN,Hong Kong
103.160.204.15,443,443,CN,Hong Kong
103.160.204.15,443,443,CN,Hong Kong
34.150.90.230,443,443,CN,Hong Kong
34.92.178.222,443,443,CN,Hong Kong
34.92.116.106,443,443,CN,Hong Kong
34.96.186.239,443,443,CN,Hong Kong
35.220.212.195,443,443,CN,Hong Kong
34.92.165.193,443,443,CN,Hong Kong
35.241.93.74,443,443,CN,Hong Kong
35.220.209.206,443,443,CN,Hong Kong
35.241.93.74,443,443,CN,Hong Kong
35.220.177.101,443,443,CN,Hong Kong
104.29.69.45,443,443,CN,Hong Kong
35.241.84.227,443,443,CN,Hong Kong
35.220.212.195,443,443,CN,Hong Kong
35.220.161.142,443,443,CN,Hong Kong
103.160.204.15,443,443,CN,Hong Kong
103.160.204.15,443,443,CN,Hong Kong
103.160.204.130,443,443,CN,Hong Kong
103.160.204.4,443,443,CN,Hong Kong
103.160.204.4,443,443,CN,Hong Kong
34.92.5.141,443,443,CN,Hong Kong
103.160.204.72,443,443,CN,Hong Kong
103.160.204.15,443,443,CN,Hong Kong
103.160.204.15,443,443,CN,Hong Kong
103.160.204.15,443,443,CN,Hong Kong
103.160.204.15,443,443,CN,Hong Kong
103.160.204.15,443,443,CN,Hong Kong
103.160.204.15,443,443,CN,Hong Kong
103.160.204.15,443,443,CN,Hong Kong
35.241.103.110,443,443,CN,Hong Kong
103.160.204.15,443,443,CN,Hong Kong
103.160.204.15,443,443,CN,Hong Kong
103.160.204.15,443,443,CN,Hong Kong
103.160.204.15,443,443,CN,Hong Kong
103.160.204.15,443,443,CN,Hong Kong
103.160.204.15,443,443,CN,Hong Kong
103.160.204.15,443,443,CN,Hong Kong
103.160.204.15,443,443,CN,Hong Kong
34.96.177.84,443,443,CN,Hong Kong
34.92.116.106,443,443,CN,Hong Kong
34.96.177.84,443,443,CN,Hong Kong
35.220.195.218,443,443,CN,Hong Kong
103.160.204.11,443,443,CN,Hong Kong
103.160.204.4,443,443,CN,Hong Kong
103.160.204.4,443,443,CN,Hong Kong
103.160.204.4,443,443,CN,Hong Kong
103.160.204.4,443,443,CN,Hong Kong
104.29.59.45,443,443,CN,Hong Kong
103.160.204.4,443,443,CN,Hong Kong
103.160.204.4,443,443,CN,Hong Kong
103.160.204.4,443,443,CN,Hong Kong
35.220.161.142,443,443,CN,Hong Kong
103.160.204.4,443,443,CN,Hong Kong
35.220.161.142,443,443,CN,Hong Kong
35.220.161.142,443,443,CN,Hong Kong
35.220.161.142,443,443,CN,Hong Kong
35.220.161.142,443,443,CN,Hong Kong
35.220.161.142,443,443,CN,Hong Kong
35.220.161.142,443,443,CN,Hong Kong
35.220.161.142,443,443,CN,Hong Kong
35.220.161.142,443,443,CN,Hong Kong
35.220.161.142,443,443,CN,Hong Kong
35.220.161.142,443,443,CN,Hong Kong
103.160.204.246,443,443,CN,Hong Kong
103.160.204.246,443,443,CN,Hong Kong
103.160.204.10,443,443,CN,Hong Kong
103.160.204.246,443,443,CN,Hong Kong
103.160.204.246,443,443,CN,Hong Kong
103.160.204.10,443,443,CN,Hong Kong
103.160.204.10,443,443,CN,Hong Kong
103.160.204.246,443,443,CN,Hong Kong
103.160.204.246,443,443,CN,Hong Kong
103.160.204.3,443,443,CN,Hong Kong
103.160.204.3,443,443,CN,Hong Kong
103.160.204.3,443,443,CN,Hong Kong
103.160.204.4,443,443,CN,Hong Kong
103.160.204.3,443,443,CN,Hong Kong
103.160.204.3,443,443,CN,Hong Kong
103.160.204.3,443,443,CN,Hong Kong
103.160.204.3,443,443,CN,Hong Kong
103.160.204.3,443,443,CN,Hong Kong
103.160.204.11,443,443,CN,Hong Kong
103.160.204.11,443,443,CN,Hong Kong
103.160.204.11,443,443,CN,Hong Kong
103.160.204.245,443,443,CN,Hong Kong
103.160.204.11,443,443,CN,Hong Kong
103.160.204.245,443,443,CN,Hong Kong
103.160.204.11,443,443,CN,Hong Kong
103.160.204.245,443,443,CN,Hong Kong
103.160.204.245,443,443,CN,Hong Kong
103.160.204.245,443,443,CN,Hong Kong
103.160.204.245,443,443,CN,Hong Kong
103.160.204.11,443,443,CN,Hong Kong
103.160.204.11,443,443,CN,Hong Kong
103.160.204.245,443,443,CN,Hong Kong
103.160.204.11,443,443,CN,Hong Kong
103.160.204.11,443,443,CN,Hong Kong
103.160.204.11,443,443,CN,Hong Kong
103.160.204.245,443,443,CN,Hong Kong
103.160.204.245,443,443,CN,Hong Kong
103.160.204.11,443,443,CN,Hong Kong
103.160.204.11,443,443,CN,Hong Kong
103.160.204.245,443,443,CN,Hong Kong
103.160.204.245,443,443,CN,Hong Kong
103.160.204.11,443,443,CN,Hong Kong
103.160.204.11,443,443,CN,Hong Kong
103.160.204.245,443,443,CN,Hong Kong
103.160.204.245,443,443,CN,Hong Kong
103.160.204.11,443,443,CN,Hong Kong
103.160.204.11,443,443,CN,Hong Kong
103.160.204.245,443,443,CN,Hong Kong
103.160.204.11,443,443,CN,Hong Kong
103.160.204.245,443,443,CN,Hong Kong
103.160.204.245,443,443,CN,Hong Kong
103.160.204.11,443,443,CN,Hong Kong
103.160.204.245,443,443,CN,Hong Kong
103.160.204.245,443,443,CN,Hong Kong
103.160.204.245,443,443,CN,Hong Kong
103.160.204.11,443,443,CN,Hong Kong
103.160.204.245,443,443,CN,Hong Kong
103.160.204.245,443,443,CN,Hong Kong
103.160.204.11,443,443,CN,Hong Kong
103.160.204.245,443,443,CN,Hong Kong
103.160.204.11,443,443,CN,Hong Kong
103.160.204.11,443,443,CN,Hong Kong
103.160.204.245,443,443,CN,Hong Kong
103.160.204.11,443,443,CN,Hong Kong
103.160.204.245,443,443,CN,Hong Kong
103.160.204.11,443,443,CN,Hong Kong
103.160.204.245,443,443,CN,Hong Kong
103.160.204.245,443,443,CN,Hong Kong
103.160.204.11,443,443,CN,Hong Kong
103.160.204.11,443,443,CN,Hong Kong
103.160.204.11,443,443,CN,Hong Kong
103.160.204.11,443,443,CN,Hong Kong
103.160.204.245,443,443,CN,Hong Kong
103.160.204.245,443,443,CN,Hong Kong
103.160.204.245,443,443,CN,Hong Kong
103.160.204.11,443,443,CN,Hong Kong
103.160.204.11,443,443,CN,Hong Kong
103.160.204.245,443,443,CN,Hong Kong
103.160.204.245,443,443,CN,Hong Kong
103.160.204.11,443,443,CN,Hong Kong
103.160.204.245,443,443,CN,Hong Kong
103.160.204.11,443,443,CN,Hong Kong
103.160.204.11,443,443,CN,Hong Kong
103.160.204.245,443,443,CN,Hong Kong
103.160.204.245,443,443,CN,Hong Kong
103.160.204.11,443,443,CN,Hong Kong
103.160.204.245,443,443,CN,Hong Kong
103.160.204.245,443,443,CN,Hong Kong
103.160.204.245,443,443,CN,Hong Kong
103.160.204.245,443,443,CN,Hong Kong
103.160.204.245,443,443,CN,Hong Kong
103.160.204.245,443,443,CN,Hong Kong
103.160.204.245,443,443,CN,Hong Kong
103.160.204.11,443,443,CN,Hong Kong
103.160.204.245,443,443,CN,Hong Kong
103.160.204.245,443,443,CN,Hong Kong
103.160.204.11,443,443,CN,Hong Kong
103.160.204.245,443,443,CN,Hong Kong
103.160.204.11,443,443,CN,Hong Kong
103.160.204.245,443,443,CN,Hong Kong
103.160.204.11,443,443,CN,Hong Kong
103.160.204.11,443,443,CN,Hong Kong
103.160.204.11,443,443,CN,Hong Kong
103.160.204.11,443,443,CN,Hong Kong
103.160.204.11,443,443,CN,Hong Kong
103.160.204.11,443,443,CN,Hong Kong
103.160.204.11,443,443,CN,Hong Kong
103.160.204.11,443,443,CN,Hong Kong
103.160.204.11,443,443,CN,Hong Kong
103.160.204.11,443,443,CN,Hong Kong
103.160.204.11,443,443,CN,Hong Kong
103.160.204.4,443,443,CN,Hong Kong
103.160.204.4,443,443,CN,Hong Kong
103.160.204.3,443,443,CN,Hong Kong
103.160.204.3,443,443,CN,Hong Kong
103.160.204.3,443,443,CN,Hong Kong
103.160.204.3,443,443,CN,Hong Kong
103.160.204.3,443,443,CN,Hong Kong
103.160.204.3,443,443,CN,Hong Kong
103.160.204.3,443,443,CN,Hong Kong
103.160.204.3,443,443,CN,Hong Kong
103.160.204.3,443,443,CN,Hong Kong
103.160.204.11,443,443,CN,Hong Kong
103.160.204.245,443,443,CN,Hong Kong
103.160.204.3,443,443,CN,Hong Kong
103.160.204.3,443,443,CN,Hong Kong
103.160.204.245,443,443,CN,Hong Kong
103.160.204.3,443,443,CN,Hong Kong
103.160.204.245,443,443,CN,Hong Kong
103.160.204.3,443,443,CN,Hong Kong
103.160.204.3,443,443,CN,Hong Kong
103.160.204.3,443,443,CN,Hong Kong
103.160.204.4,443,443,CN,Hong Kong
103.160.204.11,443,443,CN,Hong Kong
103.160.204.4,443,443,CN,Hong Kong
103.160.204.4,443,443,CN,Hong Kong
103.160.204.245,443,443,CN,Hong Kong
103.160.204.245,443,443,CN,Hong Kong
103.160.204.245,443,443,CN,Hong Kong
103.160.204.245,443,443,CN,Hong Kong
103.160.204.11,443,443,CN,Hong Kong
103.160.204.11,443,443,CN,Hong Kong
103.160.204.11,443,443,CN,Hong Kong
103.160.204.11,443,443,CN,Hong Kong
103.160.204.245,443,443,CN,Hong Kong
103.160.204.245,443,443,CN,Hong Kong
103.160.204.245,443,443,CN,Hong Kong
103.160.204.11,443,443,CN,Hong Kong
103.160.204.245,443,443,CN,Hong Kong
103.160.204.245,443,443,CN,Hong Kong
103.160.204.245,443,443,CN,Hong Kong
103.160.204.245,443,443,CN,Hong Kong
103.160.204.11,443,443,CN,Hong Kong
103.160.204.11,443,443,CN,Hong Kong
103.160.204.11,443,443,CN,Hong Kong
103.160.204.4,443,443,CN,Hong Kong
103.160.204.4,443,443,CN,Hong Kong
35.220.219.154,443,443,CN,Hong Kong
35.220.195.218,443,443,CN,Hong Kong
35.220.219.154,443,443,CN,Hong Kong
35.220.219.154,443,443,CN,Hong Kong
35.220.219.154,443,443,CN,Hong Kong
35.220.219.154,443,443,CN,Hong Kong
35.220.219.154,443,443,CN,Hong Kong
35.220.219.154,443,443,CN,Hong Kong
35.220.219.154,443,443,CN,Hong Kong
35.220.219.154,443,443,CN,Hong Kong
35.220.219.154,443,443,CN,Hong Kong
35.220.219.154,443,443,CN,Hong Kong
35.220.219.154,443,443,CN,Hong Kong
35.220.219.154,443,443,CN,Hong Kong
35.220.219.154,443,443,CN,Hong Kong
35.220.219.154,443,443,CN,Hong Kong
35.220.219.154,443,443,CN,Hong Kong
35.220.219.154,443,443,CN,Hong Kong
35.220.219.154,443,443,CN,Hong Kong
35.220.219.154,443,443,CN,Hong Kong
35.220.219.154,443,443,CN,Hong Kong
35.220.219.154,443,443,CN,Hong Kong
35.220.219.154,443,443,CN,Hong Kong
35.220.219.154,443,443,CN,Hong Kong
35.220.219.154,443,443,CN,Hong Kong
35.220.219.154,443,443,CN,Hong Kong
35.220.219.154,443,443,CN,Hong Kong
35.220.219.154,443,443,CN,Hong Kong
35.220.219.154,443,443,CN,Hong Kong
35.220.219.154,443,443,CN,Hong Kong
35.220.219.154,443,443,CN,Hong Kong
35.220.219.154,443,443,CN,Hong Kong
35.220.219.154,443,443,CN,Hong Kong
35.220.219.154,443,443,CN,Hong Kong
35.220.219.154,443,443,CN,Hong Kong
35.220.219.154,443,443,CN,Hong Kong
35.220.219.154,443,443,CN,Hong Kong
35.220.219.154,443,443,CN,Hong Kong
35.220.219.154,443,443,CN,Hong Kong
35.220.219.154,443,443,CN,Hong Kong
103.160.204.52,443,443,CN,Hong Kong
103.160.204.36,443,443,CN,Hong Kong
103.160.204.245,443,443,CN,Hong Kong
103.160.204.4,443,443,CN,Hong Kong
103.160.204.4,443,443,CN,Hong Kong
103.160.204.4,443,443,CN,Hong Kong
103.160.204.4,443,443,CN,Hong Kong
103.160.204.15,443,443,CN,Hong Kong
103.160.204.4,443,443,CN,Hong Kong
103.160.204.4,443,443,CN,Hong Kong
103.160.204.4,443,443,CN,Hong Kong
103.160.204.4,443,443,CN,Hong Kong
103.160.204.4,443,443,CN,Hong Kong
34.150.14.232,443,443,CN,Hong Kong
103.160.204.4,443,443,CN,Hong Kong
103.160.204.4,443,443,CN,Hong Kong
34.96.157.217,443,443,CN,Hong Kong
35.220.161.142,443,443,CN,Hong Kong
103.160.204.4,443,443,CN,Hong Kong
103.160.204.4,443,443,CN,Hong Kong
34.92.139.150,443,443,CN,Hong Kong
103.160.204.4,443,443,CN,Hong Kong
103.160.204.4,443,443,CN,Hong Kong
103.160.204.4,443,443,CN,Hong Kong
103.160.204.4,443,443,CN,Hong Kong
103.160.204.4,443,443,CN,Hong Kong
103.160.204.4,443,443,CN,Hong Kong
103.160.204.4,443,443,CN,Hong Kong
103.160.204.4,443,443,CN,Hong Kong
103.160.204.4,443,443,CN,Hong Kong
103.160.204.4,443,443,CN,Hong Kong
103.160.204.4,443,443,CN,Hong Kong
103.160.204.4,443,443,CN,Hong Kong
103.160.204.4,443,443,CN,Hong Kong
103.160.204.4,443,443,CN,Hong Kong
103.160.204.120,443,443,CN,Hong Kong
103.160.204.3,443,443,CN,Hong Kong
103.160.204.3,443,443,CN,Hong Kong
103.160.204.3,443,443,CN,Hong Kong
103.160.204.3,443,443,CN,Hong Kong
103.160.204.4,443,443,CN,Hong Kong
103.160.204.4,443,443,CN,Hong Kong
103.160.204.4,443,443,CN,Hong Kong
103.160.204.4,443,443,CN,Hong Kong
103.160.204.22,443,443,CN,Hong Kong
34.150.101.160,443,443,CN,Hong Kong
103.160.204.4,443,443,CN,Hong Kong
103.160.204.184,443,443,CN,Hong Kong
103.160.204.136,443,443,CN,Hong Kong
34.150.44.54,443,443,CN,Hong Kong
103.160.204.220,443,443,CN,Hong Kong
103.160.204.174,443,443,CN,Hong Kong
103.160.204.222,443,443,CN,Hong Kong
34.92.116.164,443,443,CN,Hong Kong
34.92.116.164,443,443,CN,Hong Kong
34.92.116.164,443,443,CN,Hong Kong
35.220.219.154,443,443,CN,Hong Kong
103.160.204.245,443,443,CN,Hong Kong
103.160.204.245,443,443,CN,Hong Kong
103.160.204.245,443,443,CN,Hong Kong
34.150.14.232,443,443,CN,Hong Kong
103.160.204.213,443,443,CN,Hong Kong
104.29.59.193,443,443,CN,Hong Kong
34.96.181.147,443,443,CN,Hong Kong
34.96.181.147,443,443,CN,Hong Kong
34.92.116.164,443,443,CN,Hong Kong
34.92.116.164,443,443,CN,Hong Kong
34.92.116.164,443,443,CN,Hong Kong
34.92.127.151,443,443,CN,Hong Kong
35.220.219.154,443,443,CN,Hong Kong
34.96.200.63,443,443,CN,Hong Kong
34.92.139.150,443,443,CN,Hong Kong
34.150.83.99,443,443,CN,Hong Kong
34.96.200.63,443,443,CN,Hong Kong
35.220.235.159,443,443,CN,Hong Kong
34.92.139.62,443,443,CN,Hong Kong
35.220.195.218,443,443,CN,Hong Kong
104.29.59.33,443,443,CN,Hong Kong
104.29.59.73,443,443,CN,Hong Kong
103.160.204.216,443,443,CN,Hong Kong
103.160.204.3,443,443,CN,Hong Kong
103.160.204.245,443,443,CN,Hong Kong
103.160.204.3,443,443,CN,Hong Kong
34.92.205.48,443,443,CN,Hong Kong
103.160.204.3,443,443,CN,Hong Kong
103.160.204.4,443,443,CN,Hong Kong
103.160.204.4,443,443,CN,Hong Kong
103.160.204.10,443,443,CN,Hong Kong
103.160.204.246,443,443,CN,Hong Kong
103.160.204.10,443,443,CN,Hong Kong
103.160.204.246,443,443,CN,Hong Kong
103.160.204.10,443,443,CN,Hong Kong
103.160.204.246,443,443,CN,Hong Kong
103.160.204.10,443,443,CN,Hong Kong
103.160.204.246,443,443,CN,Hong Kong
103.160.204.10,443,443,CN,Hong Kong
103.160.204.246,443,443,CN,Hong Kong
103.160.204.246,443,443,CN,Hong Kong
103.160.204.10,443,443,CN,Hong Kong
103.160.204.246,443,443,CN,Hong Kong
103.160.204.10,443,443,CN,Hong Kong
103.160.204.10,443,443,CN,Hong Kong
103.160.204.10,443,443,CN,Hong Kong
103.160.204.10,443,443,CN,Hong Kong
103.160.204.246,443,443,CN,Hong Kong
103.160.204.246,443,443,CN,Hong Kong
103.160.204.10,443,443,CN,Hong Kong
103.160.204.246,443,443,CN,Hong Kong
103.160.204.10,443,443,CN,Hong Kong
103.160.204.10,443,443,CN,Hong Kong
103.160.204.10,443,443,CN,Hong Kong
103.160.204.246,443,443,CN,Hong Kong
103.160.204.246,443,443,CN,Hong Kong
103.160.204.10,443,443,CN,Hong Kong
103.160.204.10,443,443,CN,Hong Kong
103.160.204.10,443,443,CN,Hong Kong
103.160.204.10,443,443,CN,Hong Kong
103.160.204.10,443,443,CN,Hong Kong
103.160.204.10,443,443,CN,Hong Kong
103.160.204.10,443,443,CN,Hong Kong
103.160.204.246,443,443,CN,Hong Kong
103.160.204.246,443,443,CN,Hong Kong
103.160.204.10,443,443,CN,Hong Kong
103.160.204.10,443,443,CN,Hong Kong
103.160.204.246,443,443,CN,Hong Kong
103.160.204.4,443,443,CN,Hong Kong
34.92.108.109,443,443,CN,Hong Kong
34.92.108.109,443,443,CN,Hong Kong
103.160.204.3,443,443,CN,Hong Kong
35.220.147.240,443,443,CN,Hong Kong
34.96.157.217,443,443,CN,Hong Kong
34.92.240.129,443,443,CN,Hong Kong
34.92.240.129,443,443,CN,Hong Kong
103.160.204.120,443,443,CN,Hong Kong
103.160.204.4,443,443,CN,Hong Kong
103.160.204.4,443,443,CN,Hong Kong
34.150.83.99,443,443,CN,Hong Kong
103.160.204.4,443,443,CN,Hong Kong
103.160.204.4,443,443,CN,Hong Kong
103.160.204.4,443,443,CN,Hong Kong
35.220.161.142,443,443,CN,Hong Kong
103.160.204.4,443,443,CN,Hong Kong
103.160.204.50,443,443,CN,Hong Kong
103.160.204.3,443,443,CN,Hong Kong
103.160.204.3,443,443,CN,Hong Kong
103.160.204.3,443,443,CN,Hong Kong
103.160.204.3,443,443,CN,Hong Kong
103.160.204.3,443,443,CN,Hong Kong
103.160.204.3,443,443,CN,Hong Kong
103.160.204.3,443,443,CN,Hong Kong
103.160.204.50,443,443,CN,Hong Kong
103.160.204.3,443,443,CN,Hong Kong
103.160.204.31,443,443,CN,Hong Kong
103.160.204.3,443,443,CN,Hong Kong
103.160.204.3,443,443,CN,Hong Kong
103.160.204.3,443,443,CN,Hong Kong
103.160.204.3,443,443,CN,Hong Kong
103.160.204.3,443,443,CN,Hong Kong
103.160.204.3,443,443,CN,Hong Kong
103.160.204.249,443,443,CN,Hong Kong
103.160.204.249,443,443,CN,Hong Kong
103.160.204.249,443,443,CN,Hong Kong
103.160.204.7,443,443,CN,Hong Kong
103.160.204.7,443,443,CN,Hong Kong
103.160.204.7,443,443,CN,Hong Kong
103.160.204.249,443,443,CN,Hong Kong
103.160.204.249,443,443,CN,Hong Kong
103.160.204.249,443,443,CN,Hong Kong
103.160.204.249,443,443,CN,Hong Kong
103.160.204.249,443,443,CN,Hong Kong
103.160.204.7,443,443,CN,Hong Kong
103.160.204.7,443,443,CN,Hong Kong
103.160.204.249,443,443,CN,Hong Kong
103.160.204.249,443,443,CN,Hong Kong
103.160.204.7,443,443,CN,Hong Kong
103.160.204.249,443,443,CN,Hong Kong
103.160.204.249,443,443,CN,Hong Kong
103.160.204.249,443,443,CN,Hong Kong
103.160.204.249,443,443,CN,Hong Kong
103.160.204.7,443,443,CN,Hong Kong
103.160.204.249,443,443,CN,Hong Kong
103.160.204.7,443,443,CN,Hong Kong
103.160.204.7,443,443,CN,Hong Kong
103.160.204.249,443,443,CN,Hong Kong
103.160.204.7,443,443,CN,Hong Kong
103.160.204.249,443,443,CN,Hong Kong
103.160.204.249,443,443,CN,Hong Kong
103.160.204.7,443,443,CN,Hong Kong
103.160.204.7,443,443,CN,Hong Kong
103.160.204.249,443,443,CN,Hong Kong
103.160.204.7,443,443,CN,Hong Kong
103.160.204.7,443,443,CN,Hong Kong
103.160.204.7,443,443,CN,Hong Kong
103.160.204.7,443,443,CN,Hong Kong
103.160.204.7,443,443,CN,Hong Kong
103.160.204.249,443,443,CN,Hong Kong
103.160.204.249,443,443,CN,Hong Kong
103.160.204.7,443,443,CN,Hong Kong
103.160.204.7,443,443,CN,Hong Kong
103.160.204.7,443,443,CN,Hong Kong
103.160.204.249,443,443,CN,Hong Kong
103.160.204.249,443,443,CN,Hong Kong
103.160.204.7,443,443,CN,Hong Kong
103.160.204.7,443,443,CN,Hong Kong
103.160.204.249,443,443,CN,Hong Kong
103.160.204.249,443,443,CN,Hong Kong
103.160.204.249,443,443,CN,Hong Kong
103.160.204.249,443,443,CN,Hong Kong
103.160.204.7,443,443,CN,Hong Kong
103.160.204.7,443,443,CN,Hong Kong
103.160.204.7,443,443,CN,Hong Kong
103.160.204.249,443,443,CN,Hong Kong
103.160.204.7,443,443,CN,Hong Kong
103.160.204.249,443,443,CN,Hong Kong
103.160.204.7,443,443,CN,Hong Kong
103.160.204.7,443,443,CN,Hong Kong
103.160.204.249,443,443,CN,Hong Kong
103.160.204.249,443,443,CN,Hong Kong
103.160.204.7,443,443,CN,Hong Kong
103.160.204.7,443,443,CN,Hong Kong
103.160.204.7,443,443,CN,Hong Kong
103.160.204.249,443,443,CN,Hong Kong
103.160.204.249,443,443,CN,Hong Kong
103.160.204.249,443,443,CN,Hong Kong
103.160.204.7,443,443,CN,Hong Kong
103.160.204.7,443,443,CN,Hong Kong
103.160.204.7,443,443,CN,Hong Kong
103.160.204.249,443,443,CN,Hong Kong
103.160.204.249,443,443,CN,Hong Kong
103.160.204.249,443,443,CN,Hong Kong
103.160.204.7,443,443,CN,Hong Kong
103.160.204.249,443,443,CN,Hong Kong
103.160.204.249,443,443,CN,Hong Kong
103.160.204.249,443,443,CN,Hong Kong
103.160.204.249,443,443,CN,Hong Kong
103.160.204.7,443,443,CN,Hong Kong
103.160.204.7,443,443,CN,Hong Kong
103.160.204.7,443,443,CN,Hong Kong
103.160.204.249,443,443,CN,Hong Kong
103.160.204.7,443,443,CN,Hong Kong
103.160.204.7,443,443,CN,Hong Kong
103.160.204.249,443,443,CN,Hong Kong
103.160.204.249,443,443,CN,Hong Kong
103.160.204.249,443,443,CN,Hong Kong
103.160.204.249,443,443,CN,Hong Kong
103.160.204.249,443,443,CN,Hong Kong
103.160.204.249,443,443,CN,Hong Kong
103.160.204.249,443,443,CN,Hong Kong
103.160.204.249,443,443,CN,Hong Kong
103.160.204.249,443,443,CN,Hong Kong
103.160.204.7,443,443,CN,Hong Kong
103.160.204.249,443,443,CN,Hong Kong
103.160.204.7,443,443,CN,Hong Kong
103.160.204.7,443,443,CN,Hong Kong
103.160.204.249,443,443,CN,Hong Kong
103.160.204.249,443,443,CN,Hong Kong
103.160.204.7,443,443,CN,Hong Kong
103.160.204.7,443,443,CN,Hong Kong
103.160.204.249,443,443,CN,Hong Kong
103.160.204.249,443,443,CN,Hong Kong
103.160.204.249,443,443,CN,Hong Kong
103.160.204.7,443,443,CN,Hong Kong
103.160.204.7,443,443,CN,Hong Kong
103.160.204.7,443,443,CN,Hong Kong
103.160.204.7,443,443,CN,Hong Kong
103.160.204.249,443,443,CN,Hong Kong
103.160.204.7,443,443,CN,Hong Kong
103.160.204.249,443,443,CN,Hong Kong
103.160.204.7,443,443,CN,Hong Kong
103.160.204.7,443,443,CN,Hong Kong
103.160.204.7,443,443,CN,Hong Kong
103.160.204.249,443,443,CN,Hong Kong
103.160.204.249,443,443,CN,Hong Kong
103.160.204.249,443,443,CN,Hong Kong
103.160.204.7,443,443,CN,Hong Kong
103.160.204.249,443,443,CN,Hong Kong
103.160.204.249,443,443,CN,Hong Kong
103.160.204.7,443,443,CN,Hong Kong
103.160.204.249,443,443,CN,Hong Kong
103.160.204.7,443,443,CN,Hong Kong
103.160.204.7,443,443,CN,Hong Kong
103.160.204.7,443,443,CN,Hong Kong
103.160.204.249,443,443,CN,Hong Kong
103.160.204.249,443,443,CN,Hong Kong
103.160.204.249,443,443,CN,Hong Kong
103.160.204.7,443,443,CN,Hong Kong
103.160.204.7,443,443,CN,Hong Kong
103.160.204.7,443,443,CN,Hong Kong
103.160.204.249,443,443,CN,Hong Kong
103.160.204.249,443,443,CN,Hong Kong
103.160.204.7,443,443,CN,Hong Kong
103.160.204.249,443,443,CN,Hong Kong
103.160.204.249,443,443,CN,Hong Kong
103.160.204.7,443,443,CN,Hong Kong
103.160.204.7,443,443,CN,Hong Kong
103.160.204.7,443,443,CN,Hong Kong
103.160.204.7,443,443,CN,Hong Kong
103.160.204.249,443,443,CN,Hong Kong
103.160.204.7,443,443,CN,Hong Kong
103.160.204.249,443,443,CN,Hong Kong
103.160.204.249,443,443,CN,Hong Kong
103.160.204.7,443,443,CN,Hong Kong
103.160.204.7,443,443,CN,Hong Kong
103.160.204.7,443,443,CN,Hong Kong
103.160.204.249,443,443,CN,Hong Kong
103.160.204.7,443,443,CN,Hong Kong
103.160.204.249,443,443,CN,Hong Kong
103.160.204.249,443,443,CN,Hong Kong
103.160.204.7,443,443,CN,Hong Kong
103.160.204.7,443,443,CN,Hong Kong
103.160.204.249,443,443,CN,Hong Kong
103.160.204.7,443,443,CN,Hong Kong
103.160.204.7,443,443,CN,Hong Kong
103.160.204.7,443,443,CN,Hong Kong
103.160.204.249,443,443,CN,Hong Kong
103.160.204.7,443,443,CN,Hong Kong
103.160.204.7,443,443,CN,Hong Kong
103.160.204.7,443,443,CN,Hong Kong
103.160.204.7,443,443,CN,Hong Kong
103.160.204.7,443,443,CN,Hong Kong
103.160.204.249,443,443,CN,Hong Kong
103.160.204.7,443,443,CN,Hong Kong
103.160.204.249,443,443,CN,Hong Kong
103.160.204.249,443,443,CN,Hong Kong
103.160.204.249,443,443,CN,Hong Kong
103.160.204.7,443,443,CN,Hong Kong
103.160.204.7,443,443,CN,Hong Kong
103.160.204.7,443,443,CN,Hong Kong
103.160.204.249,443,443,CN,Hong Kong
103.160.204.7,443,443,CN,Hong Kong
103.160.204.7,443,443,CN,Hong Kong
103.160.204.249,443,443,CN,Hong Kong
103.160.204.249,443,443,CN,Hong Kong
103.160.204.7,443,443,CN,Hong Kong
103.160.204.249,443,443,CN,Hong Kong
103.160.204.7,443,443,CN,Hong Kong
103.160.204.249,443,443,CN,Hong Kong
103.160.204.249,443,443,CN,Hong Kong
103.160.204.7,443,443,CN,Hong Kong
103.160.204.7,443,443,CN,Hong Kong
103.160.204.7,443,443,CN,Hong Kong
103.160.204.249,443,443,CN,Hong Kong
103.160.204.249,443,443,CN,Hong Kong
103.160.204.249,443,443,CN,Hong Kong
103.160.204.249,443,443,CN,Hong Kong
103.160.204.249,443,443,CN,Hong Kong
103.160.204.7,443,443,CN,Hong Kong
103.160.204.249,443,443,CN,Hong Kong
103.160.204.7,443,443,CN,Hong Kong
103.160.204.7,443,443,CN,Hong Kong
103.160.204.249,443,443,CN,Hong Kong
103.160.204.7,443,443,CN,Hong Kong
103.160.204.249,443,443,CN,Hong Kong
103.160.204.7,443,443,CN,Hong Kong
103.160.204.249,443,443,CN,Hong Kong
103.160.204.4,443,443,CN,Hong Kong
103.160.204.4,443,443,CN,Hong Kong
103.160.204.213,443,443,CN,Hong Kong
103.160.204.3,443,443,CN,Hong Kong
103.160.204.3,443,443,CN,Hong Kong
34.92.96.80,443,443,CN,Hong Kong
35.220.216.156,443,443,CN,Hong Kong
35.220.162.180,443,443,CN,Hong Kong
34.96.217.224,443,443,CN,Hong Kong
35.220.216.156,443,443,CN,Hong Kong
103.160.204.4,443,443,CN,Hong Kong
103.160.204.3,443,443,CN,Hong Kong
103.160.204.3,443,443,CN,Hong Kong
103.160.204.4,443,443,CN,Hong Kong
103.160.204.4,443,443,CN,Hong Kong
103.160.204.213,443,443,CN,Hong Kong
34.92.205.48,443,443,CN,Hong Kong
34.92.96.80,443,443,CN,Hong Kong
103.160.204.3,443,443,CN,Hong Kong
103.160.204.3,443,443,CN,Hong Kong
103.160.204.3,443,443,CN,Hong Kong
103.160.204.3,443,443,CN,Hong Kong
103.160.204.4,443,443,CN,Hong Kong
103.160.204.4,443,443,CN,Hong Kong
103.160.204.10,443,443,CN,Hong Kong
103.160.204.3,443,443,CN,Hong Kong
35.220.235.159,443,443,CN,Hong Kong
103.160.204.4,443,443,CN,Hong Kong
103.160.204.4,443,443,CN,Hong Kong
103.160.204.3,443,443,CN,Hong Kong
103.160.204.3,443,443,CN,Hong Kong
35.241.116.11,443,443,CN,Hong Kong
35.241.116.11,443,443,CN,Hong Kong
103.160.204.4,443,443,CN,Hong Kong
103.160.204.4,443,443,CN,Hong Kong
103.160.204.11,443,443,CN,Hong Kong
103.160.204.4,443,443,CN,Hong Kong
103.160.204.4,443,443,CN,Hong Kong
35.241.116.11,443,443,CN,Hong Kong
103.160.204.4,443,443,CN,Hong Kong
103.160.204.4,443,443,CN,Hong Kong
103.160.204.3,443,443,CN,Hong Kong
103.160.204.3,443,443,CN,Hong Kong
103.160.204.213,443,443,CN,Hong Kong
103.160.204.213,443,443,CN,Hong Kong
103.160.204.213,443,443,CN,Hong Kong
103.160.204.226,443,443,CN,Hong Kong
103.160.204.3,443,443,CN,Hong Kong
103.160.204.3,443,443,CN,Hong Kong
104.29.68.3,443,443,CN,Hong Kong
103.160.204.3,443,443,CN,Hong Kong
103.160.204.3,443,443,CN,Hong Kong
103.160.204.4,443,443,CN,Hong Kong
103.160.204.4,443,443,CN,Hong Kong
103.160.204.3,443,443,CN,Hong Kong
103.160.204.4,443,443,CN,Hong Kong
103.160.204.4,443,443,CN,Hong Kong
103.160.204.29,443,443,CN,Hong Kong
103.160.204.29,443,443,CN,Hong Kong
103.160.204.3,443,443,CN,Hong Kong
103.160.204.4,443,443,CN,Hong Kong
103.160.204.4,443,443,CN,Hong Kong
103.160.204.3,443,443,CN,Hong Kong
103.160.204.3,443,443,CN,Hong Kong
35.241.116.11,443,443,CN,Hong Kong
35.241.116.11,443,443,CN,Hong Kong
35.241.116.11,443,443,CN,Hong Kong
35.241.116.11,443,443,CN,Hong Kong
35.241.116.11,443,443,CN,Hong Kong
35.241.116.11,443,443,CN,Hong Kong
35.241.116.11,443,443,CN,Hong Kong
103.160.204.4,443,443,CN,Hong Kong
35.241.116.11,443,443,CN,Hong Kong
35.241.116.11,443,443,CN,Hong Kong
35.241.116.11,443,443,CN,Hong Kong
35.241.116.11,443,443,CN,Hong Kong
35.241.116.11,443,443,CN,Hong Kong
35.241.116.11,443,443,CN,Hong Kong
35.241.116.11,443,443,CN,Hong Kong
35.241.116.11,443,443,CN,Hong Kong
35.241.116.11,443,443,CN,Hong Kong
35.241.116.11,443,443,CN,Hong Kong
35.241.116.11,443,443,CN,Hong Kong
35.241.116.11,443,443,CN,Hong Kong
35.241.116.11,443,443,CN,Hong Kong
35.241.116.11,443,443,CN,Hong Kong
35.241.116.11,443,443,CN,Hong Kong
35.241.116.11,443,443,CN,Hong Kong
103.160.204.4,443,443,CN,Hong Kong
103.160.204.4,443,443,CN,Hong Kong
103.160.204.4,443,443,CN,Hong Kong
35.241.116.11,443,443,CN,Hong Kong
35.241.116.11,443,443,CN,Hong Kong
103.160.204.11,443,443,CN,Hong Kong
103.160.204.4,443,443,CN,Hong Kong
103.160.204.4,443,443,CN,Hong Kong
103.160.204.4,443,443,CN,Hong Kong
103.160.204.4,443,443,CN,Hong Kong
35.241.116.11,443,443,CN,Hong Kong
35.241.116.11,443,443,CN,Hong Kong
103.160.204.4,443,443,CN,Hong Kong
35.241.116.11,443,443,CN,Hong Kong
103.160.204.3,443,443,CN,Hong Kong
103.160.204.4,443,443,CN,Hong Kong
103.160.204.3,443,443,CN,Hong Kong
103.160.204.4,443,443,CN,Hong Kong
35.241.116.11,443,443,CN,Hong Kong
35.241.116.11,443,443,CN,Hong Kong
103.160.204.3,443,443,CN,Hong Kong
35.241.116.11,443,443,CN,Hong Kong
103.160.204.3,443,443,CN,Hong Kong
103.160.204.3,443,443,CN,Hong Kong
34.92.84.106,443,443,CN,Hong Kong
35.241.116.11,443,443,CN,Hong Kong
35.241.116.11,443,443,CN,Hong Kong
35.241.116.11,443,443,CN,Hong Kong
34.96.238.141,443,443,CN,Hong Kong
35.241.116.11,443,443,CN,Hong Kong
35.241.116.11,443,443,CN,Hong Kong
35.241.116.11,443,443,CN,Hong Kong
35.241.116.11,443,443,CN,Hong Kong
34.150.44.54,443,443,CN,Hong Kong
35.241.116.11,443,443,CN,Hong Kong
35.241.116.11,443,443,CN,Hong Kong
35.241.116.11,443,443,CN,Hong Kong
35.241.116.11,443,443,CN,Hong Kong
35.241.116.11,443,443,CN,Hong Kong
35.241.116.11,443,443,CN,Hong Kong
35.241.116.11,443,443,CN,Hong Kong
35.241.116.11,443,443,CN,Hong Kong
35.241.116.11,443,443,CN,Hong Kong
35.241.116.11,443,443,CN,Hong Kong
103.160.204.3,443,443,CN,Hong Kong
35.241.116.11,443,443,CN,Hong Kong
35.241.116.11,443,443,CN,Hong Kong
35.241.116.11,443,443,CN,Hong Kong
35.241.116.11,443,443,CN,Hong Kong
35.241.116.11,443,443,CN,Hong Kong
35.241.116.11,443,443,CN,Hong Kong
35.241.116.11,443,443,CN,Hong Kong
103.160.204.4,443,443,CN,Hong Kong
34.96.238.141,443,443,CN,Hong Kong
103.160.204.92,443,443,CN,Hong Kong
103.160.204.200,443,443,CN,Hong Kong
34.92.189.21,443,443,CN,Hong Kong
103.160.204.4,443,443,CN,Hong Kong
103.160.204.4,443,443,CN,Hong Kong
103.160.204.3,443,443,CN,Hong Kong
103.160.204.3,443,443,CN,Hong Kong
103.160.204.3,443,443,CN,Hong Kong
103.160.204.4,443,443,CN,Hong Kong
103.160.204.4,443,443,CN,Hong Kong
103.160.204.4,443,443,CN,Hong Kong
103.160.204.4,443,443,CN,Hong Kong
34.96.217.224,443,443,CN,Hong Kong
34.150.64.87,443,443,CN,Hong Kong
103.160.204.21,443,443,CN,Hong Kong
103.160.204.175,443,443,CN,Hong Kong
103.160.204.148,443,443,CN,Hong Kong
103.160.204.148,443,443,CN,Hong Kong
103.160.204.66,443,443,CN,Hong Kong
103.160.204.238,443,443,CN,Hong Kong
103.160.204.24,443,443,CN,Hong Kong
103.160.204.4,443,443,CN,Hong Kong
103.160.204.4,443,443,CN,Hong Kong
103.160.204.4,443,443,CN,Hong Kong
104.29.69.108,443,443,CN,Hong Kong
104.29.69.108,443,443,CN,Hong Kong
104.29.69.108,443,443,CN,Hong Kong
104.29.69.108,443,443,CN,Hong Kong
104.29.68.157,443,443,CN,Hong Kong
104.29.68.157,443,443,CN,Hong Kong
104.29.69.108,443,443,CN,Hong Kong
104.29.68.157,443,443,CN,Hong Kong
104.29.68.157,443,443,CN,Hong Kong
104.29.68.157,443,443,CN,Hong Kong
104.29.68.157,443,443,CN,Hong Kong
104.29.68.157,443,443,CN,Hong Kong
103.160.204.4,443,443,CN,Hong Kong
103.160.204.4,443,443,CN,Hong Kong
34.92.117.225,443,443,CN,Hong Kong
34.92.117.225,443,443,CN,Hong Kong
34.92.117.225,443,443,CN,Hong Kong
34.92.117.225,443,443,CN,Hong Kong
34.92.117.225,443,443,CN,Hong Kong
34.92.117.225,443,443,CN,Hong Kong
34.92.117.225,443,443,CN,Hong Kong
34.92.117.225,443,443,CN,Hong Kong
34.92.84.106,443,443,CN,Hong Kong
34.92.139.62,443,443,CN,Hong Kong
34.92.215.109,443,443,CN,Hong Kong
34.150.13.101,443,443,CN,Hong Kong
34.92.117.225,443,443,CN,Hong Kong
34.92.117.225,443,443,CN,Hong Kong
34.92.117.225,443,443,CN,Hong Kong
34.92.117.225,443,443,CN,Hong Kong
34.92.117.225,443,443,CN,Hong Kong
34.92.117.225,443,443,CN,Hong Kong
34.92.117.225,443,443,CN,Hong Kong
34.92.117.225,443,443,CN,Hong Kong
34.92.117.225,443,443,CN,Hong Kong
34.92.117.225,443,443,CN,Hong Kong
34.92.117.225,443,443,CN,Hong Kong
34.92.117.225,443,443,CN,Hong Kong
34.92.117.225,443,443,CN,Hong Kong
34.92.117.225,443,443,CN,Hong Kong
34.92.117.225,443,443,CN,Hong Kong
34.92.117.225,443,443,CN,Hong Kong
34.92.117.225,443,443,CN,Hong Kong
34.92.117.225,443,443,CN,Hong Kong
34.92.117.225,443,443,CN,Hong Kong
34.92.117.225,443,443,CN,Hong Kong
34.92.117.225,443,443,CN,Hong Kong
34.92.117.225,443,443,CN,Hong Kong
34.92.117.225,443,443,CN,Hong Kong
34.92.117.225,443,443,CN,Hong Kong
34.92.117.225,443,443,CN,Hong Kong
34.92.117.225,443,443,CN,Hong Kong
34.92.117.225,443,443,CN,Hong Kong
34.92.117.225,443,443,CN,Hong Kong
34.92.117.225,443,443,CN,Hong Kong
34.92.117.225,443,443,CN,Hong Kong
34.92.117.225,443,443,CN,Hong Kong
34.92.117.225,443,443,CN,Hong Kong
34.92.117.225,443,443,CN,Hong Kong
34.92.117.225,443,443,CN,Hong Kong
34.92.117.225,443,443,CN,Hong Kong
34.92.117.225,443,443,CN,Hong Kong
34.92.117.225,443,443,CN,Hong Kong
34.92.117.225,443,443,CN,Hong Kong
34.92.117.225,443,443,CN,Hong Kong
34.92.117.225,443,443,CN,Hong Kong
34.92.117.225,443,443,CN,Hong Kong
34.92.117.225,443,443,CN,Hong Kong
34.92.117.225,443,443,CN,Hong Kong
34.92.117.225,443,443,CN,Hong Kong
34.92.117.225,443,443,CN,Hong Kong
34.92.117.225,443,443,CN,Hong Kong
34.92.117.225,443,443,CN,Hong Kong
34.92.117.225,443,443,CN,Hong Kong
34.92.117.225,443,443,CN,Hong Kong
34.92.117.225,443,443,CN,Hong Kong
34.92.117.225,443,443,CN,Hong Kong
34.92.117.225,443,443,CN,Hong Kong
34.92.117.225,443,443,CN,Hong Kong
34.92.117.225,443,443,CN,Hong Kong
34.92.117.225,443,443,CN,Hong Kong
35.220.162.181,443,443,CN,Hong Kong
103.160.204.4,443,443,CN,Hong Kong
103.160.204.4,443,443,CN,Hong Kong
35.241.106.76,443,443,CN,Hong Kong
34.92.146.104,443,443,CN,Hong Kong
35.220.162.181,443,443,CN,Hong Kong
103.160.204.3,443,443,CN,Hong Kong
103.160.204.3,443,443,CN,Hong Kong
103.160.204.4,443,443,CN,Hong Kong
103.160.204.4,443,443,CN,Hong Kong
34.92.84.106,443,443,CN,Hong Kong
34.92.117.225,443,443,CN,Hong Kong
34.92.117.225,443,443,CN,Hong Kong
34.92.117.225,443,443,CN,Hong Kong
34.92.117.225,443,443,CN,Hong Kong
34.92.117.225,443,443,CN,Hong Kong
34.92.117.225,443,443,CN,Hong Kong
34.92.117.225,443,443,CN,Hong Kong
34.92.117.225,443,443,CN,Hong Kong
34.92.117.225,443,443,CN,Hong Kong
34.92.117.225,443,443,CN,Hong Kong
34.92.117.225,443,443,CN,Hong Kong
103.160.204.4,443,443,CN,Hong Kong
103.160.204.4,443,443,CN,Hong Kong
103.160.204.3,443,443,CN,Hong Kong
103.160.204.3,443,443,CN,Hong Kong
103.160.204.4,443,443,CN,Hong Kong
103.160.204.20,443,443,CN,Hong Kong
103.160.204.20,443,443,CN,Hong Kong
103.160.204.3,443,443,CN,Hong Kong
103.160.204.3,443,443,CN,Hong Kong
34.92.84.106,443,443,CN,Hong Kong
103.160.204.3,443,443,CN,Hong Kong
103.160.204.3,443,443,CN,Hong Kong
103.160.204.3,443,443,CN,Hong Kong
103.160.204.4,443,443,CN,Hong Kong
103.160.204.4,443,443,CN,Hong Kong
103.160.204.4,443,443,CN,Hong Kong
103.160.204.4,443,443,CN,Hong Kong
34.92.189.21,443,443,CN,Hong Kong
35.220.162.180,443,443,CN,Hong Kong
35.220.147.240,443,443,CN,Hong Kong
103.160.204.4,443,443,CN,Hong Kong
103.160.204.4,443,443,CN,Hong Kong
103.160.204.4,443,443,CN,Hong Kong
103.160.204.4,443,443,CN,Hong Kong
34.92.117.225,443,443,CN,Hong Kong
34.92.117.225,443,443,CN,Hong Kong
34.92.117.225,443,443,CN,Hong Kong
34.92.117.225,443,443,CN,Hong Kong
34.92.117.225,443,443,CN,Hong Kong
34.92.117.225,443,443,CN,Hong Kong
34.92.117.225,443,443,CN,Hong Kong
34.92.117.225,443,443,CN,Hong Kong
34.92.117.225,443,443,CN,Hong Kong
34.92.117.225,443,443,CN,Hong Kong
34.92.117.225,443,443,CN,Hong Kong
34.92.117.225,443,443,CN,Hong Kong
34.92.117.225,443,443,CN,Hong Kong
34.92.117.225,443,443,CN,Hong Kong
103.160.204.4,443,443,CN,Hong Kong
103.160.204.4,443,443,CN,Hong Kong
103.160.204.3,443,443,CN,Hong Kong
103.160.204.3,443,443,CN,Hong Kong
103.160.204.4,443,443,CN,Hong Kong
103.160.204.4,443,443,CN,Hong Kong
34.92.117.225,443,443,CN,Hong Kong
103.160.204.4,443,443,CN,Hong Kong
103.160.204.4,443,443,CN,Hong Kong
103.160.204.4,443,443,CN,Hong Kong
103.160.204.4,443,443,CN,Hong Kong
34.150.64.87,443,443,CN,Hong Kong
103.160.204.4,443,443,CN,Hong Kong
103.160.204.4,443,443,CN,Hong Kong
103.160.204.3,443,443,CN,Hong Kong
103.160.204.3,443,443,CN,Hong Kong
103.160.204.4,443,443,CN,Hong Kong
103.160.204.4,443,443,CN,Hong Kong
34.150.113.179,443,443,CN,Hong Kong
34.150.13.101,443,443,CN,Hong Kong
34.92.117.225,443,443,CN,Hong Kong
34.92.117.225,443,443,CN,Hong Kong
34.92.117.225,443,443,CN,Hong Kong
34.92.117.225,443,443,CN,Hong Kong
34.92.117.225,443,443,CN,Hong Kong
34.92.117.225,443,443,CN,Hong Kong
103.160.204.4,443,443,CN,Hong Kong
103.160.204.4,443,443,CN,Hong Kong
103.160.204.4,443,443,CN,Hong Kong
103.160.204.4,443,443,CN,Hong Kong
103.160.204.4,443,443,CN,Hong Kong
103.160.204.4,443,443,CN,Hong Kong
34.150.113.179,443,443,CN,Hong Kong
103.160.204.4,443,443,CN,Hong Kong
103.160.204.4,443,443,CN,Hong Kong
34.92.146.104,443,443,CN,Hong Kong
103.160.204.216,443,443,CN,Hong Kong
103.160.204.3,443,443,CN,Hong Kong
103.160.204.3,443,443,CN,Hong Kong
34.92.117.225,443,443,CN,Hong Kong
103.160.204.4,443,443,CN,Hong Kong
103.160.204.4,443,443,CN,Hong Kong
103.160.204.147,443,443,CN,Hong Kong
34.92.117.225,443,443,CN,Hong Kong
34.92.117.225,443,443,CN,Hong Kong
34.92.117.225,443,443,CN,Hong Kong
34.92.117.225,443,443,CN,Hong Kong
34.92.117.225,443,443,CN,Hong Kong
34.92.117.225,443,443,CN,Hong Kong
34.92.117.225,443,443,CN,Hong Kong
34.92.117.225,443,443,CN,Hong Kong
34.92.117.225,443,443,CN,Hong Kong
34.92.117.225,443,443,CN,Hong Kong
34.92.117.225,443,443,CN,Hong Kong
34.92.117.225,443,443,CN,Hong Kong
34.92.117.225,443,443,CN,Hong Kong
34.92.117.225,443,443,CN,Hong Kong
34.92.117.225,443,443,CN,Hong Kong
34.92.117.225,443,443,CN,Hong Kong
34.92.117.225,443,443,CN,Hong Kong
34.92.117.225,443,443,CN,Hong Kong
34.92.117.225,443,443,CN,Hong Kong
34.92.117.225,443,443,CN,Hong Kong
34.92.117.225,443,443,CN,Hong Kong
34.92.117.225,443,443,CN,Hong Kong
34.92.117.225,443,443,CN,Hong Kong
34.92.117.225,443,443,CN,Hong Kong
34.92.117.225,443,443,CN,Hong Kong
34.92.117.225,443,443,CN,Hong Kong
34.92.117.225,443,443,CN,Hong Kong
34.92.117.225,443,443,CN,Hong Kong
34.92.117.225,443,443,CN,Hong Kong
34.92.117.225,443,443,CN,Hong Kong
34.92.117.225,443,443,CN,Hong Kong
34.92.117.225,443,443,CN,Hong Kong
34.92.117.225,443,443,CN,Hong Kong
34.92.117.225,443,443,CN,Hong Kong
103.160.204.3,443,443,CN,Hong Kong
103.160.204.3,443,443,CN,Hong Kong
103.160.204.3,443,443,CN,Hong Kong
103.160.204.159,443,443,CN,Hong Kong
103.160.204.4,443,443,CN,Hong Kong
103.160.204.4,443,443,CN,Hong Kong
34.92.117.225,443,443,CN,Hong Kong
34.92.117.225,443,443,CN,Hong Kong
34.92.117.225,443,443,CN,Hong Kong
34.92.117.225,443,443,CN,Hong Kong
34.92.117.225,443,443,CN,Hong Kong
34.92.117.225,443,443,CN,Hong Kong
103.160.204.3,443,443,CN,Hong Kong
103.160.204.3,443,443,CN,Hong Kong
103.160.204.18,443,443,CN,Hong Kong
103.160.204.220,443,443,CN,Hong Kong
103.160.204.3,443,443,CN,Hong Kong
35.220.208.85,443,443,CN,Hong Kong
103.160.204.11,443,443,CN,Hong Kong
103.160.204.11,443,443,CN,Hong Kong
103.160.204.11,443,443,CN,Hong Kong
103.160.204.11,443,443,CN,Hong Kong
103.160.204.11,443,443,CN,Hong Kong
103.160.204.11,443,443,CN,Hong Kong
103.160.204.3,443,443,CN,Hong Kong
35.220.136.49,443,443,CN,Hong Kong
103.160.204.4,443,443,CN,Hong Kong
103.160.204.4,443,443,CN,Hong Kong
103.160.204.4,443,443,CN,Hong Kong
103.160.204.4,443,443,CN,Hong Kong
103.160.204.4,443,443,CN,Hong Kong
103.160.204.4,443,443,CN,Hong Kong
103.160.204.3,443,443,CN,Hong Kong
103.160.204.3,443,443,CN,Hong Kong
103.160.204.3,443,443,CN,Hong Kong
103.160.204.3,443,443,CN,Hong Kong
103.160.204.4,443,443,CN,Hong Kong
103.160.204.4,443,443,CN,Hong Kong
103.160.204.3,443,443,CN,Hong Kong
103.160.204.3,443,443,CN,Hong Kong
103.160.204.3,443,443,CN,Hong Kong
103.160.204.3,443,443,CN,Hong Kong
103.160.204.3,443,443,CN,Hong Kong
103.160.204.3,443,443,CN,Hong Kong
34.92.117.225,443,443,CN,Hong Kong
103.160.204.3,443,443,CN,Hong Kong
34.92.84.106,443,443,CN,Hong Kong
34.92.117.225,443,443,CN,Hong Kong
103.160.204.4,443,443,CN,Hong Kong
103.160.204.4,443,443,CN,Hong Kong
103.160.204.4,443,443,CN,Hong Kong
103.160.204.4,443,443,CN,Hong Kong
34.92.117.225,443,443,CN,Hong Kong
34.92.117.225,443,443,CN,Hong Kong
34.92.117.225,443,443,CN,Hong Kong
34.92.117.225,443,443,CN,Hong Kong
34.92.117.225,443,443,CN,Hong Kong
34.92.117.225,443,443,CN,Hong Kong
34.92.117.225,443,443,CN,Hong Kong
34.92.117.225,443,443,CN,Hong Kong
34.92.117.225,443,443,CN,Hong Kong
103.160.204.4,443,443,CN,Hong Kong
103.160.204.4,443,443,CN,Hong Kong
34.150.49.198,443,443,CN,Hong Kong
103.160.204.3,443,443,CN,Hong Kong
103.160.204.3,443,443,CN,Hong Kong
103.160.204.4,443,443,CN,Hong Kong
103.160.204.4,443,443,CN,Hong Kong
103.160.204.4,443,443,CN,Hong Kong
103.160.204.4,443,443,CN,Hong Kong
103.160.204.4,443,443,CN,Hong Kong
103.160.204.4,443,443,CN,Hong Kong
34.92.117.225,443,443,CN,Hong Kong
103.160.204.4,443,443,CN,Hong Kong
103.160.204.4,443,443,CN,Hong Kong
103.160.204.4,443,443,CN,Hong Kong
103.160.204.4,443,443,CN,Hong Kong
103.160.204.4,443,443,CN,Hong Kong
103.160.204.4,443,443,CN,Hong Kong
103.160.204.4,443,443,CN,Hong Kong
103.160.204.4,443,443,CN,Hong Kong
103.160.204.4,443,443,CN,Hong Kong
103.160.204.4,443,443,CN,Hong Kong
103.160.204.4,443,443,CN,Hong Kong
103.160.204.4,443,443,CN,Hong Kong
34.92.86.239,443,443,CN,Hong Kong
103.160.204.9,443,443,CN,Hong Kong
34.92.86.239,443,443,CN,Hong Kong
103.160.204.4,443,443,CN,Hong Kong
103.160.204.245,443,443,CN,Hong Kong
34.92.84.106,443,443,CN,Hong Kong
103.160.204.4,443,443,CN,Hong Kong
103.160.204.4,443,443,CN,Hong Kong
103.160.204.4,443,443,CN,Hong Kong
103.160.204.4,443,443,CN,Hong Kong
103.160.204.4,443,443,CN,Hong Kong
103.160.204.4,443,443,CN,Hong Kong
103.160.204.4,443,443,CN,Hong Kong
103.160.204.4,443,443,CN,Hong Kong
35.220.136.49,443,443,CN,Hong Kong
103.160.204.4,443,443,CN,Hong Kong
104.29.59.45,443,443,CN,Hong Kong
34.92.84.106,443,443,CN,Hong Kong
103.160.204.4,443,443,CN,Hong Kong
103.160.204.4,443,443,CN,Hong Kong
103.160.204.11,443,443,CN,Hong Kong
103.160.204.4,443,443,CN,Hong Kong
103.160.204.4,443,443,CN,Hong Kong
103.160.204.3,443,443,CN,Hong Kong
103.160.204.3,443,443,CN,Hong Kong
103.160.204.3,443,443,CN,Hong Kong
34.92.117.225,443,443,CN,Hong Kong
103.160.204.3,443,443,CN,Hong Kong
103.160.204.3,443,443,CN,Hong Kong
103.160.204.4,443,443,CN,Hong Kong
103.160.204.4,443,443,CN,Hong Kong
103.160.204.220,443,443,CN,Hong Kong
103.160.204.4,443,443,CN,Hong Kong
103.160.204.4,443,443,CN,Hong Kong
35.241.116.11,443,443,CN,Hong Kong
103.160.204.3,443,443,CN,Hong Kong
103.160.204.3,443,443,CN,Hong Kong
34.92.117.225,443,443,CN,Hong Kong
103.160.204.3,443,443,CN,Hong Kong
103.160.204.4,443,443,CN,Hong Kong
34.92.163.200,443,443,CN,Hong Kong
103.160.204.3,443,443,CN,Hong Kong
103.160.204.3,443,443,CN,Hong Kong
103.160.204.3,443,443,CN,Hong Kong
103.160.204.4,443,443,CN,Hong Kong
103.160.204.4,443,443,CN,Hong Kong
103.160.204.90,443,443,CN,Hong Kong
34.92.163.200,443,443,CN,Hong Kong
103.160.204.3,443,443,CN,Hong Kong
103.160.204.3,443,443,CN,Hong Kong
103.160.204.3,443,443,CN,Hong Kong
103.160.204.3,443,443,CN,Hong Kong
103.160.204.4,443,443,CN,Hong Kong
103.160.204.2,443,443,CN,Hong Kong
103.160.204.3,443,443,CN,Hong Kong
103.160.204.3,443,443,CN,Hong Kong
103.160.204.3,443,443,CN,Hong Kong
103.160.204.3,443,443,CN,Hong Kong
103.160.204.3,443,443,CN,Hong Kong
103.160.204.3,443,443,CN,Hong Kong
103.160.204.4,443,443,CN,Hong Kong
103.160.204.4,443,443,CN,Hong Kong
103.160.204.3,443,443,CN,Hong Kong
103.160.204.4,443,443,CN,Hong Kong
103.160.204.3,443,443,CN,Hong Kong
103.160.204.4,443,443,CN,Hong Kong
103.160.204.3,443,443,CN,Hong Kong
103.160.204.3,443,443,CN,Hong Kong
103.160.204.3,443,443,CN,Hong Kong
103.160.204.4,443,443,CN,Hong Kong
103.160.204.4,443,443,CN,Hong Kong
103.160.204.4,443,443,CN,Hong Kong
103.160.204.3,443,443,CN,Hong Kong
103.160.204.3,443,443,CN,Hong Kong
103.160.204.3,443,443,CN,Hong Kong
103.160.204.3,443,443,CN,Hong Kong
103.160.204.2,443,443,CN,Hong Kong
103.160.204.11,443,443,CN,Hong Kong
103.160.204.11,443,443,CN,Hong Kong
103.160.204.245,443,443,CN,Hong Kong
103.160.204.245,443,443,CN,Hong Kong
103.160.204.11,443,443,CN,Hong Kong
103.160.204.11,443,443,CN,Hong Kong
103.160.204.245,443,443,CN,Hong Kong
103.160.204.245,443,443,CN,Hong Kong
103.160.204.11,443,443,CN,Hong Kong
103.160.204.245,443,443,CN,Hong Kong
103.160.204.11,443,443,CN,Hong Kong
103.160.204.11,443,443,CN,Hong Kong
103.160.204.245,443,443,CN,Hong Kong
103.160.204.245,443,443,CN,Hong Kong
103.160.204.245,443,443,CN,Hong Kong
103.160.204.11,443,443,CN,Hong Kong
103.160.204.245,443,443,CN,Hong Kong
103.160.204.245,443,443,CN,Hong Kong
103.160.204.11,443,443,CN,Hong Kong
103.160.204.245,443,443,CN,Hong Kong
103.160.204.245,443,443,CN,Hong Kong
103.160.204.245,443,443,CN,Hong Kong
103.160.204.11,443,443,CN,Hong Kong
103.160.204.245,443,443,CN,Hong Kong
103.160.204.245,443,443,CN,Hong Kong
103.160.204.245,443,443,CN,Hong Kong
103.160.204.245,443,443,CN,Hong Kong
103.160.204.245,443,443,CN,Hong Kong
103.160.204.11,443,443,CN,Hong Kong
103.160.204.245,443,443,CN,Hong Kong
103.160.204.245,443,443,CN,Hong Kong
103.160.204.11,443,443,CN,Hong Kong
103.160.204.245,443,443,CN,Hong Kong
103.160.204.11,443,443,CN,Hong Kong
103.160.204.11,443,443,CN,Hong Kong
103.160.204.11,443,443,CN,Hong Kong
103.160.204.245,443,443,CN,Hong Kong
103.160.204.245,443,443,CN,Hong Kong
103.160.204.11,443,443,CN,Hong Kong
103.160.204.245,443,443,CN,Hong Kong
103.160.204.11,443,443,CN,Hong Kong
103.160.204.245,443,443,CN,Hong Kong
103.160.204.11,443,443,CN,Hong Kong
103.160.204.11,443,443,CN,Hong Kong
103.160.204.11,443,443,CN,Hong Kong
103.160.204.11,443,443,CN,Hong Kong
103.160.204.245,443,443,CN,Hong Kong
103.160.204.245,443,443,CN,Hong Kong
103.160.204.245,443,443,CN,Hong Kong
103.160.204.11,443,443,CN,Hong Kong
103.160.204.11,443,443,CN,Hong Kong
103.160.204.245,443,443,CN,Hong Kong
103.160.204.11,443,443,CN,Hong Kong
103.160.204.11,443,443,CN,Hong Kong
103.160.204.245,443,443,CN,Hong Kong
103.160.204.245,443,443,CN,Hong Kong
103.160.204.245,443,443,CN,Hong Kong
103.160.204.245,443,443,CN,Hong Kong
103.160.204.11,443,443,CN,Hong Kong
103.160.204.11,443,443,CN,Hong Kong
103.160.204.245,443,443,CN,Hong Kong
103.160.204.245,443,443,CN,Hong Kong
103.160.204.245,443,443,CN,Hong Kong
103.160.204.11,443,443,CN,Hong Kong
103.160.204.11,443,443,CN,Hong Kong
103.160.204.245,443,443,CN,Hong Kong
103.160.204.11,443,443,CN,Hong Kong
103.160.204.245,443,443,CN,Hong Kong
103.160.204.11,443,443,CN,Hong Kong
103.160.204.11,443,443,CN,Hong Kong
103.160.204.245,443,443,CN,Hong Kong
103.160.204.245,443,443,CN,Hong Kong
103.160.204.245,443,443,CN,Hong Kong
103.160.204.245,443,443,CN,Hong Kong
103.160.204.11,443,443,CN,Hong Kong
103.160.204.11,443,443,CN,Hong Kong
103.160.204.11,443,443,CN,Hong Kong
103.160.204.11,443,443,CN,Hong Kong
103.160.204.245,443,443,CN,Hong Kong
103.160.204.11,443,443,CN,Hong Kong
103.160.204.245,443,443,CN,Hong Kong
103.160.204.11,443,443,CN,Hong Kong
103.160.204.245,443,443,CN,Hong Kong
103.160.204.11,443,443,CN,Hong Kong
103.160.204.11,443,443,CN,Hong Kong
103.160.204.245,443,443,CN,Hong Kong
103.160.204.245,443,443,CN,Hong Kong
103.160.204.11,443,443,CN,Hong Kong
103.160.204.245,443,443,CN,Hong Kong
103.160.204.245,443,443,CN,Hong Kong
103.160.204.11,443,443,CN,Hong Kong
103.160.204.245,443,443,CN,Hong Kong
103.160.204.245,443,443,CN,Hong Kong
103.160.204.245,443,443,CN,Hong Kong
103.160.204.245,443,443,CN,Hong Kong
103.160.204.245,443,443,CN,Hong Kong
103.160.204.245,443,443,CN,Hong Kong
103.160.204.245,443,443,CN,Hong Kong
103.160.204.11,443,443,CN,Hong Kong
103.160.204.245,443,443,CN,Hong Kong
103.160.204.11,443,443,CN,Hong Kong
103.160.204.11,443,443,CN,Hong Kong
103.160.204.245,443,443,CN,Hong Kong
103.160.204.245,443,443,CN,Hong Kong
103.160.204.11,443,443,CN,Hong Kong
103.160.204.245,443,443,CN,Hong Kong
103.160.204.11,443,443,CN,Hong Kong
103.160.204.245,443,443,CN,Hong Kong
103.160.204.11,443,443,CN,Hong Kong
103.160.204.245,443,443,CN,Hong Kong
103.160.204.245,443,443,CN,Hong Kong
103.160.204.11,443,443,CN,Hong Kong
103.160.204.11,443,443,CN,Hong Kong
103.160.204.245,443,443,CN,Hong Kong
103.160.204.11,443,443,CN,Hong Kong
103.160.204.245,443,443,CN,Hong Kong
103.160.204.245,443,443,CN,Hong Kong
103.160.204.11,443,443,CN,Hong Kong
103.160.204.11,443,443,CN,Hong Kong
103.160.204.245,443,443,CN,Hong Kong
103.160.204.11,443,443,CN,Hong Kong
103.160.204.11,443,443,CN,Hong Kong
103.160.204.11,443,443,CN,Hong Kong
103.160.204.245,443,443,CN,Hong Kong
103.160.204.245,443,443,CN,Hong Kong
103.160.204.11,443,443,CN,Hong Kong
103.160.204.245,443,443,CN,Hong Kong
103.160.204.11,443,443,CN,Hong Kong
103.160.204.245,443,443,CN,Hong Kong
103.160.204.245,443,443,CN,Hong Kong
103.160.204.245,443,443,CN,Hong Kong
103.160.204.245,443,443,CN,Hong Kong
103.160.204.245,443,443,CN,Hong Kong
103.160.204.245,443,443,CN,Hong Kong
103.160.204.11,443,443,CN,Hong Kong
103.160.204.11,443,443,CN,Hong Kong
103.160.204.11,443,443,CN,Hong Kong
103.160.204.11,443,443,CN,Hong Kong
103.160.204.245,443,443,CN,Hong Kong
103.160.204.245,443,443,CN,Hong Kong
103.160.204.11,443,443,CN,Hong Kong
103.160.204.245,443,443,CN,Hong Kong
103.160.204.245,443,443,CN,Hong Kong
103.160.204.11,443,443,CN,Hong Kong
103.160.204.11,443,443,CN,Hong Kong
103.160.204.11,443,443,CN,Hong Kong
103.160.204.11,443,443,CN,Hong Kong
103.160.204.11,443,443,CN,Hong Kong
103.160.204.11,443,443,CN,Hong Kong
103.160.204.245,443,443,CN,Hong Kong
103.160.204.245,443,443,CN,Hong Kong
103.160.204.11,443,443,CN,Hong Kong
103.160.204.245,443,443,CN,Hong Kong
103.160.204.11,443,443,CN,Hong Kong
103.160.204.245,443,443,CN,Hong Kong
103.160.204.11,443,443,CN,Hong Kong
103.160.204.3,443,443,CN,Hong Kong
103.160.204.3,443,443,CN,Hong Kong
103.160.204.3,443,443,CN,Hong Kong
103.160.204.3,443,443,CN,Hong Kong
103.160.204.3,443,443,CN,Hong Kong
103.160.204.28,443,443,CN,Hong Kong
103.160.204.3,443,443,CN,Hong Kong
103.160.204.3,443,443,CN,Hong Kong
103.160.204.3,443,443,CN,Hong Kong
103.160.204.3,443,443,CN,Hong Kong
103.160.204.3,443,443,CN,Hong Kong
103.160.204.3,443,443,CN,Hong Kong
103.160.204.3,443,443,CN,Hong Kong
103.160.204.3,443,443,CN,Hong Kong
103.160.204.3,443,443,CN,Hong Kong
103.160.204.28,443,443,CN,Hong Kong
103.160.204.3,443,443,CN,Hong Kong
103.160.204.3,443,443,CN,Hong Kong
103.160.204.3,443,443,CN,Hong Kong
103.160.204.3,443,443,CN,Hong Kong
103.160.204.3,443,443,CN,Hong Kong
103.160.204.3,443,443,CN,Hong Kong
103.160.204.3,443,443,CN,Hong Kong
103.160.204.3,443,443,CN,Hong Kong
103.160.204.3,443,443,CN,Hong Kong
103.160.204.3,443,443,CN,Hong Kong
103.160.204.3,443,443,CN,Hong Kong
103.160.204.4,443,443,CN,Hong Kong
103.160.204.4,443,443,CN,Hong Kong
103.160.204.3,443,443,CN,Hong Kong
103.160.204.3,443,443,CN,Hong Kong
103.160.204.245,443,443,CN,Hong Kong
103.160.204.3,443,443,CN,Hong Kong
103.160.204.3,443,443,CN,Hong Kong
103.160.204.48,443,443,CN,Hong Kong
103.160.204.3,443,443,CN,Hong Kong
103.160.204.3,443,443,CN,Hong Kong
103.160.204.3,443,443,CN,Hong Kong
103.160.204.3,443,443,CN,Hong Kong
103.160.204.3,443,443,CN,Hong Kong
103.160.204.245,443,443,CN,Hong Kong
103.160.204.245,443,443,CN,Hong Kong
103.160.204.245,443,443,CN,Hong Kong
103.160.204.245,443,443,CN,Hong Kong
103.160.204.245,443,443,CN,Hong Kong
103.160.204.245,443,443,CN,Hong Kong
103.160.204.245,443,443,CN,Hong Kong
103.160.204.245,443,443,CN,Hong Kong
103.160.204.11,443,443,CN,Hong Kong
103.160.204.11,443,443,CN,Hong Kong
103.160.204.245,443,443,CN,Hong Kong
103.160.204.11,443,443,CN,Hong Kong
103.160.204.11,443,443,CN,Hong Kong
103.160.204.245,443,443,CN,Hong Kong
103.160.204.11,443,443,CN,Hong Kong
103.160.204.11,443,443,CN,Hong Kong
103.160.204.11,443,443,CN,Hong Kong
103.160.204.245,443,443,CN,Hong Kong
103.160.204.245,443,443,CN,Hong Kong
103.160.204.245,443,443,CN,Hong Kong
103.160.204.245,443,443,CN,Hong Kong
103.160.204.245,443,443,CN,Hong Kong
103.160.204.11,443,443,CN,Hong Kong
103.160.204.245,443,443,CN,Hong Kong
103.160.204.11,443,443,CN,Hong Kong
103.160.204.11,443,443,CN,Hong Kong
103.160.204.245,443,443,CN,Hong Kong
103.160.204.11,443,443,CN,Hong Kong
103.160.204.245,443,443,CN,Hong Kong
103.160.204.245,443,443,CN,Hong Kong
103.160.204.245,443,443,CN,Hong Kong
103.160.204.245,443,443,CN,Hong Kong
103.160.204.11,443,443,CN,Hong Kong
103.160.204.245,443,443,CN,Hong Kong
103.160.204.11,443,443,CN,Hong Kong
103.160.204.245,443,443,CN,Hong Kong
103.160.204.11,443,443,CN,Hong Kong
103.160.204.245,443,443,CN,Hong Kong
103.160.204.245,443,443,CN,Hong Kong
103.160.204.11,443,443,CN,Hong Kong
103.160.204.11,443,443,CN,Hong Kong
103.160.204.11,443,443,CN,Hong Kong
103.160.204.245,443,443,CN,Hong Kong
103.160.204.245,443,443,CN,Hong Kong
103.160.204.245,443,443,CN,Hong Kong
103.160.204.11,443,443,CN,Hong Kong
103.160.204.11,443,443,CN,Hong Kong
103.160.204.11,443,443,CN,Hong Kong
103.160.204.245,443,443,CN,Hong Kong
103.160.204.11,443,443,CN,Hong Kong
103.160.204.11,443,443,CN,Hong Kong
103.160.204.4,443,443,CN,Hong Kong
103.160.204.3,443,443,CN,Hong Kong
103.160.204.3,443,443,CN,Hong Kong
103.160.204.3,443,443,CN,Hong Kong
103.160.204.3,443,443,CN,Hong Kong
103.160.204.3,443,443,CN,Hong Kong
103.160.204.3,443,443,CN,Hong Kong
34.150.115.3,443,443,CN,Hong Kong
34.92.205.48,443,443,CN,Hong Kong
103.160.204.4,443,443,CN,Hong Kong
34.96.238.141,443,443,CN,Hong Kong
34.92.84.106,443,443,CN,Hong Kong
103.160.204.4,443,443,CN,Hong Kong
103.160.204.4,443,443,CN,Hong Kong
103.160.204.249,443,443,CN,Hong Kong
103.160.204.11,443,443,CN,Hong Kong
35.241.116.11,443,443,CN,Hong Kong
35.241.116.11,443,443,CN,Hong Kong
35.241.116.11,443,443,CN,Hong Kong
103.160.204.2,443,443,CN,Hong Kong
34.96.238.141,443,443,CN,Hong Kong
35.241.116.11,443,443,CN,Hong Kong
103.160.204.4,443,443,CN,Hong Kong
34.92.205.48,443,443,CN,Hong Kong
103.160.204.4,443,443,CN,Hong Kong
103.160.204.3,443,443,CN,Hong Kong
103.160.204.3,443,443,CN,Hong Kong
34.150.115.3,443,443,CN,Hong Kong
35.241.116.11,443,443,CN,Hong Kong
35.241.116.11,443,443,CN,Hong Kong
35.241.116.11,443,443,CN,Hong Kong
35.241.116.11,443,443,CN,Hong Kong
35.241.116.11,443,443,CN,Hong Kong
35.241.116.11,443,443,CN,Hong Kong
35.241.116.11,443,443,CN,Hong Kong
35.241.116.11,443,443,CN,Hong Kong
35.241.116.11,443,443,CN,Hong Kong
35.241.116.11,443,443,CN,Hong Kong
35.241.116.11,443,443,CN,Hong Kong
35.241.116.11,443,443,CN,Hong Kong
35.241.116.11,443,443,CN,Hong Kong
35.241.116.11,443,443,CN,Hong Kong
35.241.116.11,443,443,CN,Hong Kong
35.241.116.11,443,443,CN,Hong Kong
35.241.116.11,443,443,CN,Hong Kong
35.241.116.11,443,443,CN,Hong Kong
35.241.116.11,443,443,CN,Hong Kong
35.241.116.11,443,443,CN,Hong Kong
34.150.49.198,443,443,CN,Hong Kong
103.160.204.3,443,443,CN,Hong Kong
103.160.204.3,443,443,CN,Hong Kong
103.160.204.3,443,443,CN,Hong Kong
103.160.204.3,443,443,CN,Hong Kong
103.160.204.4,443,443,CN,Hong Kong
103.160.204.4,443,443,CN,Hong Kong
103.160.204.3,443,443,CN,Hong Kong
103.160.204.4,443,443,CN,Hong Kong
103.160.204.4,443,443,CN,Hong Kong
34.92.25.247,443,443,CN,Hong Kong
34.92.25.247,443,443,CN,Hong Kong
34.92.25.247,443,443,CN,Hong Kong
34.92.25.247,443,443,CN,Hong Kong
34.92.25.247,443,443,CN,Hong Kong
34.92.25.247,443,443,CN,Hong Kong
34.92.175.53,443,443,CN,Hong Kong
34.92.25.247,443,443,CN,Hong Kong
34.92.175.53,443,443,CN,Hong Kong
34.92.25.247,443,443,CN,Hong Kong
34.92.175.53,443,443,CN,Hong Kong
34.92.25.247,443,443,CN,Hong Kong
34.92.25.247,443,443,CN,Hong Kong
34.92.175.53,443,443,CN,Hong Kong
34.92.175.53,443,443,CN,Hong Kong
34.92.175.53,443,443,CN,Hong Kong
34.92.175.53,443,443,CN,Hong Kong
34.92.175.53,443,443,CN,Hong Kong
34.92.175.53,443,443,CN,Hong Kong
34.92.175.53,443,443,CN,Hong Kong
103.160.204.3,443,443,CN,Hong Kong
103.160.204.3,443,443,CN,Hong Kong
103.160.204.4,443,443,CN,Hong Kong
103.160.204.4,443,443,CN,Hong Kong
34.96.173.152,443,443,CN,Hong Kong
103.160.204.3,443,443,CN,Hong Kong
103.160.204.12,443,443,CN,Hong Kong
103.160.204.12,443,443,CN,Hong Kong
103.160.204.26,443,443,CN,Hong Kong
103.160.204.4,443,443,CN,Hong Kong
103.160.204.4,443,443,CN,Hong Kong
103.160.204.4,443,443,CN,Hong Kong
103.160.204.4,443,443,CN,Hong Kong
103.160.204.4,443,443,CN,Hong Kong
34.92.3.60,443,443,CN,Hong Kong
34.96.173.152,443,443,CN,Hong Kong
34.92.25.247,443,443,CN,Hong Kong
103.160.204.4,443,443,CN,Hong Kong
103.160.204.4,443,443,CN,Hong Kong
103.160.204.4,443,443,CN,Hong Kong
103.160.204.4,443,443,CN,Hong Kong
103.160.204.3,443,443,CN,Hong Kong
103.160.204.3,443,443,CN,Hong Kong
103.160.204.3,443,443,CN,Hong Kong
103.160.204.169,443,443,CN,Hong Kong
34.92.25.247,443,443,CN,Hong Kong
103.160.204.4,443,443,CN,Hong Kong
103.160.204.4,443,443,CN,Hong Kong
103.160.204.182,443,443,CN,Hong Kong
103.160.204.210,443,443,CN,Hong Kong
104.29.68.102,443,443,CN,Hong Kong
103.160.204.235,443,443,CN,Hong Kong
103.160.204.4,443,443,CN,Hong Kong
103.160.204.4,443,443,CN,Hong Kong
103.160.204.4,443,443,CN,Hong Kong
103.160.204.4,443,443,CN,Hong Kong
103.160.204.4,443,443,CN,Hong Kong
103.160.204.12,443,443,CN,Hong Kong
103.160.204.4,443,443,CN,Hong Kong
103.160.204.4,443,443,CN,Hong Kong
103.160.204.4,443,443,CN,Hong Kong
103.160.204.3,443,443,CN,Hong Kong
103.160.204.245,443,443,CN,Hong Kong
103.160.204.3,443,443,CN,Hong Kong
103.160.204.3,443,443,CN,Hong Kong
103.160.204.4,443,443,CN,Hong Kong
103.160.204.4,443,443,CN,Hong Kong
103.160.204.4,443,443,CN,Hong Kong
103.160.204.3,443,443,CN,Hong Kong
103.160.204.1,443,443,CN,Hong Kong
34.96.238.141,443,443,CN,Hong Kong
103.160.204.3,443,443,CN,Hong Kong
103.160.204.3,443,443,CN,Hong Kong
103.160.204.3,443,443,CN,Hong Kong
103.160.204.8,443,443,CN,Hong Kong
103.160.204.8,443,443,CN,Hong Kong
103.160.204.3,443,443,CN,Hong Kong
103.160.204.3,443,443,CN,Hong Kong
103.160.204.3,443,443,CN,Hong Kong
103.160.204.3,443,443,CN,Hong Kong
103.160.204.4,443,443,CN,Hong Kong
103.160.204.4,443,443,CN,Hong Kong
103.160.204.4,443,443,CN,Hong Kong
103.160.204.4,443,443,CN,Hong Kong
103.160.204.4,443,443,CN,Hong Kong
103.160.204.4,443,443,CN,Hong Kong
103.160.204.3,443,443,CN,Hong Kong
103.160.204.3,443,443,CN,Hong Kong
103.160.204.3,443,443,CN,Hong Kong
103.160.204.3,443,443,CN,Hong Kong
103.160.204.3,443,443,CN,Hong Kong
103.160.204.3,443,443,CN,Hong Kong
34.150.9.168,443,443,CN,Hong Kong
103.160.204.3,443,443,CN,Hong Kong
103.160.204.3,443,443,CN,Hong Kong
103.160.204.11,443,443,CN,Hong Kong
103.160.204.4,443,443,CN,Hong Kong
103.160.204.4,443,443,CN,Hong Kong
103.160.204.4,443,443,CN,Hong Kong
103.160.204.4,443,443,CN,Hong Kong
103.160.204.3,443,443,CN,Hong Kong
103.160.204.3,443,443,CN,Hong Kong
103.160.204.253,443,443,CN,Hong Kong
103.160.204.34,443,443,CN,Hong Kong
103.160.204.34,443,443,CN,Hong Kong
103.160.204.14,443,443,CN,Hong Kong
103.160.204.14,443,443,CN,Hong Kong
104.29.59.137,443,443,CN,Hong Kong
103.160.204.4,443,443,CN,Hong Kong
103.160.204.4,443,443,CN,Hong Kong
